tweet_id_str,created_at,user_id_str,username,name,user_mentions,hashtags,location,lang,quote_count,views_count,favorite_count,reply_count,retweet_count,bookmark_count,media_url_https,tweet_url,relation_type,target_tweet_id_str,target_username,full_text
2006689832442163415,Thu Jan 01 18:31:53 +0700 2026,1844244625214799873,nakajena,',@starfess,-,꣑୧,en,14,25025,830,19,28,2,-,https://x.com/nakajena/status/2006689832442163415,replied,2006666236780794153,starfess,@starfess J-hope - Sawit Dreams😭😭
2006707853109993753,Thu Jan 01 19:43:29 +0700 2026,1432226870842433539,hopesiteru_,adudu👽ll⊙⊝⊜,@starfess,-,magic shop,in,34,26983,1232,33,92,12,-,https://x.com/hopesiteru_/status/2006707853109993753,replied,2006666236780794153,starfess,@starfess BTS (BANGTAN TANAM SAWIT)
2006625583283986519,Thu Jan 01 14:16:35 +0700 2026,159919812,Dandhy_Laksono,Dandhy Laksono,-,-,-,in,33,148130,10764,188,5241,321,-,https://x.com/Dandhy_Laksono/status/2006625583283986519,-,-,-,"Waspada antek asing Demo ditunggangi koruptor Kabur Aja Dulu? Kabur aja lu Kasus keracunan MBG cuma 0,00017% Apa itu deforestasi? Sawit juga pohon Bencana cuma di 3/38 provinsi Selamat Tahun Baru 2021  Dalam sejarah, raja yang incapable justru dipertahankan untuk dimanfaatkan."
2006691248271405173,Thu Jan 01 18:37:30 +0700 2026,1949766310763859968,Jutoberi,ju 🍓 | chen bowen debut kr please,@starfess,-,homophobic & minor dni,in,23,34240,1854,10,149,13,-,https://x.com/Jutoberi/status/2006691248271405173,replied,2006666236780794153,starfess,"@starfess Flood, sawit, and trees (udah bisa jadi judul novel ini)"
2007100662014988360,Fri Jan 02 21:44:22 +0700 2026,67281504,tsetiady,𝑒𝑘𝑎𝑔𝑔𝑎𝑡𝑎,-,-,-,in,45,266941,20467,23,9024,307,-,https://x.com/tsetiady/status/2007100662014988360,-,-,-,"negara penghasil sawit gak kebagian minyak goreng, dapatnya cuma air banjir doang...  dapat pajak nggak,  dapat minyak nggak,  dapat bencana iya"
2007270549874180312,Sat Jan 03 08:59:27 +0700 2026,506059176,Urrangawak,Cakrawalá Nusantará,-,-,🇮🇩 Pancasila,in,708,459116,18356,823,4092,386,https://pbs.twimg.com/media/G9tB7XqagAAnc-2.jpg,https://x.com/Urrangawak/status/2007270549874180312,-,-,-,"Kebun Sawit kaget melihat Distan kaget, emang bisa ""abrakadabra"" 🤣🤣 https://t.co/9paosRRPsP"
2007372322962071717,Sat Jan 03 15:43:51 +0700 2026,1931412143410434048,berrychoijiwoo,Ai 🍓,@H2HFESS,-,-,in,3,97138,1937,4,12,4,-,https://x.com/berrychoijiwoo/status/2007372322962071717,replied,2007366355599675867,H2HFESS,"@H2HFESS Sawit 😭😭😭😭😭  Itu pohon kelapa Carmen milih sendiri buat emotnya karena katanya ingin kuat dan kokoh kaya pohon kelapa, cmiiw ya agak lupa wkwkw"
2007378832337301871,Sat Jan 03 16:09:43 +0700 2026,1581997256638545920,itsreaarea,rea🪐,@H2HFESS,-,-,in,38,147620,7410,25,241,27,-,https://x.com/itsreaarea/status/2007378832337301871,replied,2007366355599675867,H2HFESS,@H2HFESS Karna carmen mncintai hatchu more than presiden kt mncintai sawit nder
2007366355599675867,Sat Jan 03 15:20:08 +0700 2026,1453762796785602561,H2HFESS,ON || H2H MENFESS,-,-,🌴🍓🎀🧁👾🌻🫛😊 ,in,661,854548,10866,499,401,843,https://pbs.twimg.com/media/G9uZD-JXsAAPVdE.jpg,https://x.com/H2HFESS/status/2007366355599675867,-,-,-,"temen temen boleh kasi tau ga alasan &amp; awal mula ceritanya emot carmen jadi pohon sawit itu gimana ya? genuinely asking yaa, tolong jangan salty hearts! 😣🙏🏻 https://t.co/pdmm4y11kf"
2007649905297478031,Sun Jan 04 10:06:52 +0700 2026,1882205738770264064,bluzipiee,ᯓ✦ nada | txt cb in april,-,-,⭑ ‼ moana — 𝗈𝗍5 ☆ ,in,45,39758,4797,1,1026,369,https://pbs.twimg.com/ext_tw_video_thumb/2007649840650694657/pu/img/3XKC9Yf0j134veQW.jpg,https://x.com/bluzipiee/status/2007649905297478031,-,-,-,"bazingan ini yg ngedit, membuat mata gw yg kering seperti lahan sawit ini menjadi banjir 😭😭😭😭😭😭💔💔💔💔💔💔💔💔💔 https://t.co/KYPTViRpNk"
2007720155284140384,Sun Jan 04 14:46:01 +0700 2026,843269533930405888,unmagnetism,unmag,-,-,-,in,38,159674,5321,49,1307,65,-,https://x.com/unmagnetism/status/2007720155284140384,-,-,-,yg bkin foto mesum pake grok kuburannya ditanami sawit sama pemerintah
2008096389126029436,Mon Jan 05 15:41:02 +0700 2026,1835018805422309376,ArjunaArkana,Arjuna Arkana ☀️【PANDAVVA】,-,-,Pikiranmu,in,45,45798,620,38,87,14,https://pbs.twimg.com/media/G94t4m2bUAAr1cD.jpg,https://x.com/ArjunaArkana/status/2008096389126029436,replied,2008058164869239289,ArjunaArkana,"Aww, nungguin ya? Aku kagum sama kegigihanmu buat melihat sepatuku.    Mumpung aku nganggur dan banyak lahan kosong and because you've been so good, aku mau nepatin janji.      Jadi, mau nanam sawit di mana? This one’s on the house. https://t.co/QxXIx3aaD6"
2008129506524254576,Mon Jan 05 17:52:38 +0700 2026,1298131285496348672,umarfikrii,"Kangcilok, Plc",-,-,Indonesia,in,5,12982,170,25,16,14,-,https://x.com/umarfikrii/status/2008129506524254576,-,-,-,"Alasan saya suka sektor sawit itu karna  bijinya satu, sama kaya presiden kita  Juga suka sawit🥰"
2008524007331733962,Tue Jan 06 20:00:14 +0700 2026,1156869918370873344,myshawti,Catholic 𐕣,-,-,"Jakarta Selatan, DKI Jakarta",in,223,205444,24866,132,6805,527,https://pbs.twimg.com/amplify_video_thumb/2008523937744080896/img/-qLPpdE4lkGNLYIl.jpg,https://x.com/myshawti/status/2008524007331733962,-,-,-,🇺🇸: ah minyak bumi 🤤 🇮🇩; ah minya sawit 🤤 https://t.co/xgxPuO4aYI
2008494390340448701,Tue Jan 06 18:02:33 +0700 2026,759692754985242625,kumparan,kumparan,-,#newsupdate;#update;#news;#videonews;#sawit;#pohonsawit;#kelapasawit;#sawitcirebon;#info;#infoterkini;#berita;#beritaterkini;#bicarafaktalewatberita;#kumparan,-,in,3,12815,149,11,49,9,https://pbs.twimg.com/amplify_video_thumb/2008494181489254400/img/dB1T3M6N7rxa_5DN.jpg,https://x.com/kumparan/status/2008494390340448701,-,-,-,"Pemerintah Kabupaten Cirebon menyatakan dukungan penuh terhadap kebijakan Gubernur Jawa Barat Dedi Mulyadi yang melarang penanaman kelapa sawit di wilayah Jabar. Bupati Cirebon Imron Rosyadi langsung meninjau lokasi kebun sawit di Desa Cigobang, Kecamatan Pasaleman, setelah mengetahui adanya penanaman sawit di wilayah tersebut.  Berdasarkan peninjauan sementara, luas lahan yang telah ditanami sawit sekitar 2,5 hektare dengan kurang lebih 400 batang, sementara rencana total lahan perkebunan mencapai 6,5 hektare. Imron menegaskan Pemkab Cirebon akan menindaklanjuti edaran gubernur dengan menghentikan penanaman sawit dan menggantinya dengan komoditas lain yang lebih sesuai dengan karakter wilayah, seperti mangga, termasuk mangga gincu.  Pemerintah daerah juga berencana membantu masyarakat dengan menyediakan bibit pengganti, sementara sawit yang sudah terlanjur ditanam akan dicabut. Terkait teknis pelaksanaan, Pemkab akan menggelar rapat lanjutan bersama pemerintah desa, camat, dan warga setempat.  Penolakan terhadap kebun sawit juga datang dari warga Desa Cigobang yang khawatir terhadap dampak lingkungan, seperti potensi munculnya ular kobra dan risiko longsor saat musim hujan.  📸: Dok. kumparan.  Baca selengkapnya dengan klik link di bio. Cari tahu berita update lainnya dengan download aplikasi kumparan di App Store atau Google Play.  #newsupdate #update #news #videonews #sawit #pohonsawit #kelapasawit #sawitcirebon #info #infoterkini #berita #beritaterkini #bicarafaktalewatberita #kumparan"
2008710050421022726,Wed Jan 07 08:19:30 +0700 2026,1536157859355824128,zakyarin97,A. Zaky,-,-,Bumi Manusia,in,26,382259,11476,41,1105,643,-,https://x.com/zakyarin97/status/2008710050421022726,quoted,2008055694612988287,myshawti,"Yang bikin dan yang komen seakan lupa Malaysia juga negara produsen sawit, dan Upin Ipin literally tinggal di permukiman FELDA"
2008696081375547658,Wed Jan 07 07:24:00 +0700 2026,1300484934449000448,txtdrimedia,txtdrimedia,-,-,BINTANG KEJORA,in,116,197455,9956,180,2254,200,https://pbs.twimg.com/media/G9_9zWpbcAA2Pfd.jpg,https://x.com/txtdrimedia/status/2008696081375547658,quoted,2007246530001113144,txtdrimedia,"pantesan dinas pertaniannya kaget. yg ditanam salak, yg tumbuh sawit 🤡 https://t.co/pY5gnGgGhP"
2008842324374360343,Wed Jan 07 17:05:07 +0700 2026,1978445610,rudyno1,hhhhhhh,@zakyarin97,-,Warga Jakarta,in,3,27429,533,5,10,5,-,https://x.com/rudyno1/status/2008842324374360343,replied,2008710050421022726,zakyarin97,"@zakyarin97 Betul, tapi malaysia makmur dg sawit, ga rusak lingkungannya relatif terjaga, migor di sana jg lebih murah, mereka jg mengontrol harga sawit dunia.  Harusnya kita berkaca ma malaysia, bukan denial ""malaysia jg maen sawit"""
2009207207460786571,Thu Jan 08 17:15:02 +0700 2026,1207937409213583361,Sialbukansiyal,𝓜𝓪𝓱𝓪𝓵𝓰𝓲𝓷𝓲🕊️.,@tanyakanrl,-,-,in,0,9621,259,0,6,0,-,https://x.com/Sialbukansiyal/status/2009207207460786571,replied,2009170748955328516,tanyakanrl,@tanyakanrl Sawit sehidup semati buat pak presiden😭
2009513704904380514,Fri Jan 09 13:32:56 +0700 2026,34632273,KuntoAjiW,ᗰ ᘔ K ᑌ ᑎ,-,-,-,in,77,169709,6366,75,617,253,https://pbs.twimg.com/media/G-M6D6-aUAA7BQf.jpg,https://x.com/KuntoAjiW/status/2009513704904380514,-,-,-,"Gelang URUP kemaren bisa ditanam. Bekerja sama dengan @seedpaperindonesia 🌱 Jangan cuma ditanam ya, tapi dirawat.   Kalo ga dirawat nanti numbuhnya Sawit. https://t.co/3ohR8IcbGj"
2009581954623221856,Fri Jan 09 18:04:08 +0700 2026,795498951336075264,SammiSoh,Pemerhati Hukum Emperan,-,-,-,in,23,101172,6466,37,1179,182,https://pbs.twimg.com/ext_tw_video_thumb/2009581910809595905/pu/img/rKvLvGV4QQURJ6Ml.jpg,https://x.com/SammiSoh/status/2009581954623221856,-,-,-,"Di jantung Kalimantan, suku Dayak berdiri sbg penjaga rimba terakhir. Saat tanah habis dibabat kuasa &amp; kerakusan, mrk memanggil roh, satwa, flora brgandeng menghirup napas hutan utk kali akhir  Bersayap bulu Garuda, sang penjaga menari— alam pun menunduk sblm iblis sawit berkuasa https://t.co/FbxTs8m3AG"
2009640556738302262,Fri Jan 09 21:57:00 +0700 2026,1748710927841824768,gwreog,SAN,-,-,-,en,142,100667,10781,67,2125,602,https://pbs.twimg.com/media/G-Otb57agAAcWJB.jpg,https://x.com/gwreog/status/2009640556738302262,-,-,-,bbb sawit https://t.co/zYwxa9hWBB
2009972162208334240,Sat Jan 10 19:54:41 +0700 2026,1181212535896170496,camateldia,Awan,@talkiefess,-,-,in,350,285869,14304,256,1294,83,-,https://x.com/camateldia/status/2009972162208334240,replied,2009899281587577185,talkiefess,@talkiefess Lu mau nanem sawit apa gimana?
2009980994632462711,Sat Jan 10 20:29:47 +0700 2026,1918180652677251072,dahfollowbelum,isu apa hari ini,-,-,-,in,290,1722911,5723,126,1183,570,https://pbs.twimg.com/media/G-TjDyIbYAA0V4g.jpg,https://x.com/dahfollowbelum/status/2009980994632462711,-,-,-,1) Nepal + Bangladesh lagi rajin dari Indonesia di sektor kelapa sawit  2) Maid dari Filipina lebih rajin dari Indonesia.   3) Indonesia pernah hantar nurse di middle east endup now negara negara middle east block nurse dari Indonesia.   Now kenapa makin ramai orang Malaysia https://t.co/ZNo7P1nGKI
2009842275246129214,Sat Jan 10 11:18:34 +0700 2026,1317479638487068674,MurtadhoRoy,Roy Murtadho,-,-,-,in,201,510254,31662,140,17186,1065,https://pbs.twimg.com/media/G-Rk4FNbwAAcaed.jpg,https://x.com/MurtadhoRoy/status/2009842275246129214,quoted,2008425387353886870,SoeTjenMarching,"Pada Juli 2024, Arbaini/dikenal Abah Nateh, aktivis lingkungan yg sangat lantang menentang perluasan perkebunan sawit &amp; pertambangan di Hulu Sungai Tengah Kalsel, dibunuh. Saya sempat jumpa beliau &amp; cerita bahwa sdh biasa diancam krn aktivitas jaga hutan Meratus. https://t.co/Ad0XGOujBA"
2009888998660157899,Sat Jan 10 14:24:13 +0700 2026,884254944219480065,yotsublessed,ayoze 🍀,@tanyakanrl,-,Tatami Galaxy,in,249,387593,13331,213,867,84,-,https://x.com/yotsublessed/status/2009888998660157899,replied,2009877913412268051,tanyakanrl,@tanyakanrl Ditanemin sawit
2010389850785226857,Sun Jan 11 23:34:26 +0700 2026,795498951336075264,SammiSoh,Pemerhati Hukum Emperan,-,#SelamatkanPapua,-,in,36,166198,8280,63,3124,315,https://pbs.twimg.com/ext_tw_video_thumb/2010389816844947459/pu/img/g6eRxJ6i3b8ehaV-.jpg,https://x.com/SammiSoh/status/2010389850785226857,-,-,-,"Bakal Tergusur oleh Iblis Sawit  Suku Korowai di pedalaman Papua dikenal dgn rumah pohon setinggi hingga 40 meter. Dibangun dari kayu, bambu, dan daun sagu tanpa alat modern, rumah ini melindungi dari banjir dan hewan buas serta melambangkan kedekatan dgn alam  #SelamatkanPapua https://t.co/NoR6R6Qxs6"
2010224258375684135,Sun Jan 11 12:36:26 +0700 2026,1663888435147575296,idrinkbooba,shxlby,-,-,-,en,27,91503,3947,65,258,143,https://pbs.twimg.com/media/G-XATqtasAERBEE.jpg,https://x.com/idrinkbooba/status/2010224258375684135,-,-,-,Day 1 menanam sawit di game TheoTown 😭 https://t.co/Dnxkw2ZGU8
2010721683846648060,Mon Jan 12 21:33:01 +0700 2026,795498951336075264,SammiSoh,Pemerhati Hukum Emperan,-,-,-,in,87,505371,13035,343,3766,471,https://pbs.twimg.com/ext_tw_video_thumb/2010721637960949760/pu/img/YYbXbyWY3sJmlPnW.jpg,https://x.com/SammiSoh/status/2010721683846648060,-,-,-,Pengusaha sawit memakai pejabat negara di garis depan dalam penguasaan tanah adat. Akhirnya para pemuda Dayak adat angkat bicara dan berkemungkinan bisa angkat senjata.  Tolong kita semua jaga Kalimantan jgn sampai perang konflik atau perang agama lagi. https://t.co/RtC9nbRQda
2010977139391414322,Tue Jan 13 14:28:06 +0700 2026,331383958,SinarOnline,SinarHarian,-,#SinarHarian;#beritaterkini;#NurFarahKartini;#kesbunuh;#lanskoperal,Malaysia,in,24,274982,977,19,358,169,https://pbs.twimg.com/media/G-hs9ddbYAAdMGI.jpg,https://x.com/SinarOnline/status/2010977139391414322,-,-,-,"Kes Nur Farah Kartini: Jabatan Peguam Negara tolak representasi lans koperal  Nur Farah Kartini dilaporkan hilang pada 10 Julai 2024 selepas menghantar kereta sewa kepada pelanggan sebelum mayatnya ditemukan di ladang kelapa sawit di Kampung Sri Kledang, Hulu Selangor.  Foto: Bernama  Artikel: https://t.co/lmduYL4fkw  #SinarHarian #beritaterkini #NurFarahKartini #kesbunuh #lanskoperal"
2011085011769049510,Tue Jan 13 21:36:45 +0700 2026,1189906193067593729,hoovve,🩷🍏🫐,@PerempuanWaos,-,-,in,22,125623,10220,15,1464,80,-,https://x.com/hoovve/status/2011085011769049510,replied,2010996709707694194,PerempuanWaos,"@PerempuanWaos ndut, pemrentah korsel rajin baca buku ndut, bukan ngejawab antek antek aseng mlu kalo ditanya. mentrinya jg naik kendaraan umum ga tatetot. mreka ga hire influenc buat pemilu. malahan klo ketauan pilihannya, kena hujat ndut. btw korsel ga doyan sawit ndut"
2010882497568260344,Tue Jan 13 08:12:02 +0700 2026,1745265761416056832,indepenSumatera,Sumatera Adil & Federal,-,-,england,in,102,329727,1145,362,296,65,https://pbs.twimg.com/media/G-gW-XuaoAA5iTT.jpg,https://x.com/indepenSumatera/status/2010882497568260344,-,-,-,"JIKA SUMATRA MERDEKA ‼️‼️‼️  Sumatera punya sumber daya alam super melimpah + posisi geografis strategis, kalau lepas dari Indonesia dan kelola sendiri, dalam 5–10 tahun bisa jadi negara maju macam Malaysia atau bahkan mendekati Singapura."" Mari kita bedah secara realistis (data ~2024–2025).  Potensi Ekonomi & Kekuatan Keras (Hard Power)  Jika seluruh Sumatera (10 provinsi) dijadikan satu negara berdaulat, posisinya kurang lebih seperti ini:  Populasi: ~62–65 juta jiwa (2025–2026) → ranking ~23–25 dunia (lebih besar dari Myanmar, hampir seukuran Inggris + Irlandia gabung)  Luas wilayah: ~473.000 km² → lebih besar dari Thailand, Vietnam, Malaysia  GDP agregat estimasi kasar 2024–2025: ~US$ 450–800 miliar (tergantung kurs & metodologi) Riau + Kepri saja sudah ~US$ 90–100 miliar+ Sumut ~US$ 45–50 miliar Sumsel + Jambi + Bengkulu + Lampung + Aceh + Sumbar + Babel → sisanya  GDP per kapita rata-rata: ~US$ 7.900–.10.500   Sumber daya utama:Minyak & gas → masih besar (terutama Riau, Sumsel, Aceh)  Batu bara → salah satu cadangan terbesar dunia  Sawit → ~40–45% produksi nasional (Sumatera = raja sawit dunia)  Karet, kopi, kakao, timah, nikel (Babel), dll.  Lokasi: Selat Malaka (jalur perdagangan termahal di dunia), berhadapan langsung dengan Singapura & Malaysia  Kalau dikelola dengan baik (korupsi rendah,pajak efisien, reinvestasi ke infrastruktur & SDM), potensi upper-middle income (seperti Malaysia saat ini ~US$ 12.000–14.000 per kapita) dalam 5–10 tahun sangat mungkin."
2011383342470680883,Wed Jan 14 17:22:13 +0700 2026,187182071,white_lyly,○Lily Evans○,@tempodotco;@pandji,-,Godric Gallow,in,41,304589,11502,113,5097,250,-,https://x.com/white_lyly/status/2011383342470680883,replied,2011370205037965583,tempodotco,@tempodotco Barang bukti lain? @pandji ini ngapain sih? Bunuh Gama? Melindas Affan Kurniawan? Menculik pendemo? Nanam sawit? Korupsi BBM?
2011331883947495936,Wed Jan 14 13:57:44 +0700 2026,1274730047669059586,kecooaterbanggg,yaeelahhh,@tanyakanrl,-,-,in,0,9482,484,2,0,9,https://pbs.twimg.com/media/G-mvroXaYAATgAr.jpg,https://x.com/kecooaterbanggg/status/2011331883947495936,replied,2011268324907241889,tanyakanrl,"@tanyakanrl omaga, sungguh teduh nya kota ku dipenuhi pepohonan (bukan sawit). https://t.co/05m7Rf5G6K"
2011184677412094345,Wed Jan 14 04:12:47 +0700 2026,175442007,ecosocrights,The Institute for Ecosoc Rights,-,-,Jakarta,in,2,14462,1422,3,484,22,-,https://x.com/ecosocrights/status/2011184677412094345,quoted,2010570129118282056,Mdy_Asmara1701,Donggala : kabupaten yg dipenuhi dng sawit
2011599249994367201,Thu Jan 15 07:40:09 +0700 2026,224431376,P3gEl,5tePh3N,-,-,Zimbabwe ,in,10,16996,1269,19,511,25,https://pbs.twimg.com/ext_tw_video_thumb/2011598977297510400/pu/img/JbAxGnT6lPx6yNse.jpg,https://x.com/P3gEl/status/2011599249994367201,-,-,-,Senator asal Papua minta Prabowo dan Bahlil stop sawit ditanam di papua https://t.co/tmez0kLOst
2011838502321995968,Thu Jan 15 23:30:51 +0700 2026,1257949179990560769,rockstarstae,jeha☽ ᴬᴿᴵᴿᴬᴺᴳ,-,-,human • 🔕 • slow in dm  • 아포방,in,29,30375,2012,32,235,19,-,https://x.com/rockstarstae/status/2011838502321995968,-,-,-,"diliat2 lg album bts sepolos itu, jangan sampe di tanemin sawit..."
2011748701795205378,Thu Jan 15 17:34:01 +0700 2026,1067381854993444864,aiukimaru,a i u 🌱,-,-,-,in,501,128154,8226,389,1599,326,https://pbs.twimg.com/amplify_video_thumb/2011747795431276552/img/S25HjH0osL6D4wOZ.jpg,https://x.com/aiukimaru/status/2011748701795205378,-,-,-,"""Nanti ada lima layar. Member dibawa dari atas, jadi di lagu ON kita bisa praktek koreo memutar. Begitu lagu selesai, drum diangkut keluar.""  ""Berarti di IDOL, penarinya muncul dari tiga arah?""  ""Nah, cocok. Terus sebelah sana masih ada ruang kosong, kan? Kita bisa tanami sawit."" https://t.co/dQUqRwxwN0"
2012131086722036076,Fri Jan 16 18:53:29 +0700 2026,1894088638180573184,yappingfess,YAPPINGFESS,-,-,-,tl,32,117621,5611,52,232,145,https://pbs.twimg.com/media/G-yGj0bXoAAx2I9.jpg,https://x.com/yappingfess/status/2012131086722036076,-,-,-,day 1 buka lahan sawit langsung diparanin warlok 😭 yap! https://t.co/xjo36av2Qy
2012127104633327939,Fri Jan 16 18:37:39 +0700 2026,1794238331699736576,heywannaknoww,hywnnkw,-,-,alam bawah sadar,in,137,141236,5224,71,1662,503,-,https://x.com/heywannaknoww/status/2012127104633327939,-,-,-,rekomendasi parfum earthy yang top notesnya aroma hutan adat yang segar lama-lama berganti ke bottom notes aroma kebun sawit yang memberi kesan old money.
2012692666132115565,Sun Jan 18 08:05:00 +0700 2026,1344462541200625664,CaerulaAki,Caerula Aki🌹💙【AKA Virtual】,-,-,b:@Izumi_IND,in,2214,620585,8425,2488,927,529,-,https://x.com/CaerulaAki/status/2012692666132115565,-,-,-,Coba ganti 1 kata dalam judul anime menjadi kata sawit I start first  Boku no Sawit
2012772729846698106,Sun Jan 18 13:23:08 +0700 2026,1602489136761700353,rystarkeyyy,iyoo',-,-,disini ,en,310,704732,10304,60,3477,389,https://pbs.twimg.com/media/G-7OIX8XoAAsX20.jpg,https://x.com/rystarkeyyy/status/2012772729846698106,-,-,-,attack on sawit https://t.co/LRFYuESydW
2012756461185900875,Sun Jan 18 12:18:30 +0700 2026,23343960,kompascom,Kompas.com,-,#AniesBaswedan;#Sawit,Jakarta,in,47,116394,3614,89,698,85,https://pbs.twimg.com/media/G-6_UuxWwAEfGXd.jpg,https://x.com/kompascom/status/2012756461185900875,-,-,-,"Mantan Gubernur DKI Jakarta Anies Baswedan menyinggung pihak yang menyebut kalau pohon sawit itu sama dengan pohon yang lain karena sama-sama bisa menyerap karbon.   “Kita sering dengar argumen bahwa semua pohon kan sama. Sama-sama ada daunnya dan sama-sama bisa menyerap karbon,” kata Anies.  Anies mengatakan, secara teknis, pohon sawit dengan pohon-pohon di hutan tropis memang sama-sama bisa fotosintesis dan menyerap air. Tapi, kemampuan masing-masing pohon untuk melakukan ini sangat berbeda.  “Ya secara teknis memang benar, sawit pun memang melakukan fotosintesis. Tetapi, apakah berarti perkebunan sawit bisa menggantikan hutan hujan tropis? Jawabannya tegas, tidak bisa,” lanjut Anies.  Baca di: https://t.co/w9jGHXx6c9   | #AniesBaswedan #Sawit"
2013033908594778517,Mon Jan 19 06:40:58 +0700 2026,1040306964100669440,NenkMonica,𝕸𝖔𝖓𝖎𝖈𝖆 ᴼᶠᶠⁱᶜⁱᵃˡ,-,-,"Bandung, Indonesia",in,188,134829,13460,135,5619,257,https://pbs.twimg.com/amplify_video_thumb/2013033837987512320/img/8Tv7ieE4B6vrJ_pg.jpg,https://x.com/NenkMonica/status/2013033908594778517,-,-,-,"Potret memilukan individu gajah Borneo pulang, namun dia termenung melihat rumah yang dulunya rimba sekarang rata dengan tanah.  Ingatannya kuat, tapi rumahnya tidak, berganti dengan sawit yang berjejer di belakangnya. https://t.co/CzGsarmeo8"
2013234603214205013,Mon Jan 19 19:58:28 +0700 2026,1022010146116055040,nakata_official,nakata07,-,-,-,in,0,184273,6056,44,319,839,https://pbs.twimg.com/media/G_ByHq5XAAAGH7g.jpg,https://x.com/nakata_official/status/2013234603214205013,-,-,-,kebun kelapa sawit mane ni? https://t.co/JshGSSPWfV
2013629094752329933,Tue Jan 20 22:06:02 +0700 2026,1745265761416056832,indepenSumatera,Sumatera Adil & Federal,-,-,england,in,162,456799,21565,221,7136,515,https://pbs.twimg.com/ext_tw_video_thumb/2013629051630489600/pu/img/XTwsPQx_tSfueiwO.jpg,https://x.com/indepenSumatera/status/2013629094752329933,-,-,-,Ini sih bener bener gila menurut gua 😡😡😡 Papua yang begitu indah sekarang sudah berubah jadi sawit💔🥀 https://t.co/rK2MV8UdvE
2013464064853148106,Tue Jan 20 11:10:16 +0700 2026,1371650588,tanyarlfes,Tanyarlfes,-,-,Indonesia,in,516,835992,33942,601,3976,1653,https://pbs.twimg.com/media/G_FC5XyXQAAqoCL.jpg,https://x.com/tanyarlfes/status/2013464064853148106,-,-,-,"💚 kaget banget ternyata 1 dinar Kuwait udah senilai 55.500 Rupiah 😭😭😭 Kuwait modal minyak doang bisa jadi negara tajir dan Makmur, sementara konoha punya minyak, sawit, hutan tapi masih jadi negara miskin😭🤌🏻 https://t.co/F8BXB4NDc3"
2013448731853742590,Tue Jan 20 10:09:20 +0700 2026,1040306964100669440,NenkMonica,𝕸𝖔𝖓𝖎𝖈𝖆 ᴼᶠᶠⁱᶜⁱᵃˡ,-,-,"Bandung, Indonesia",in,75,142388,8247,139,4907,263,https://pbs.twimg.com/ext_tw_video_thumb/2013448510687805440/pu/img/-oo8zh7TOqKaE5J9.jpg,https://x.com/NenkMonica/status/2013448731853742590,-,-,-,"WARGA ADAT SORONG DIPAKSA SERAHKAN 700 Ha TANAH UNTUK SAWIT.  Ancaman ekspansi sawit di Papua kembali mencuat. Senin (19/1/2026) sore, seorang perwakilan yang mengaku dari PT Inti Kebun Sejahtera (IKSJ) mendatangi warga adat di Distrik Moi Segen, Kabupaten Sorong, Papua Barat Daya, dan meminta penyerahan wilayah adat marga Klagilit Maburu seluas 700 hektar untuk kebun sawit. Perusahaan ini disebut telah beroperasi sejak 2007/2008.  IKSJ diketahui merupakan anak usaha Ciliandry Anky Abadi, grup sawit milik keluarga Fangiono. Perwakilan perusahaan bernama Algius dilaporkan telah beberapa kali mendekati warga, meski penolakan telah disampaikan berulang. Warga menyebut pendekatan dilakukan dengan ""janji manis"" yang dinilai mengancam kerukunan marga dan keberlanjutan hutan adat. ~suaraakarrumputt~"
2013450545407922455,Tue Jan 20 10:16:32 +0700 2026,1282751327588585473,neVerAl0nely___,Never,-,-,multiverse,in,6,22325,803,37,493,33,https://pbs.twimg.com/ext_tw_video_thumb/2013450181111332864/pu/img/lxn5uKemfO6G8-7z.jpg,https://x.com/neVerAl0nely___/status/2013450545407922455,-,-,-,"Ancaman ekspansi sawit di Papua kembali mencuat. Senin (19/1/2026) sore, seorang perwakilan yang mengaku dari PT Inti Kebun Sejahtera (IKSJ) mendatangi warga adat di Distrik Moi Segen, Kabupaten Sorong, Papua Barat Daya, dan meminta penyerahan wilayah adat marga Klagilit Maburu seluas 700 hektar untuk kebun sawit. Perusahaan ini disebut telah beroperasi sejak 2007/2008.  IKSJ diketahui merupakan anak usaha Ciliandry Anky Abadi, grup sawit milik keluarga Fangiono. Perwakilan perusahaan bernama Algius dilaporkan telah beberapa kali mendekati warga, meski penolakan telah disampaikan berulang. Warga menyebut pendekatan dilakukan dengan “janji manis” yang dinilai mengancam kerukunan marga dan keberlanjutan hutan adat.  Kasus ini mempertegas kekhawatiran publik atas rencana besar sawit di Papua yang sebelumnya sempat disorot setelah wacana menjadikan Papua sebagai lumbung sawit nasional mengemuka di era pemerintahan Prabowo Subianto. Warga adat meminta perhatian serius pegiat lingkungan dan HAM, menegaskan bahwa Papua bukan tanah kosong dan hutan adat bukan komoditas."
2013639888982155596,Tue Jan 20 22:48:55 +0700 2026,1628429840696360960,0xdelula,delulaᴗ✧,@tanyakanrl,-,-,in,13,273312,12216,20,107,29,-,https://x.com/0xdelula/status/2013639888982155596,replied,2013637678818799901,tanyakanrl,@tanyakanrl Hah? Mabok sawit nih orang
2013769404467581220,Wed Jan 21 07:23:34 +0700 2026,220281515,Noguchi_Emiko08,I Say,@jeongringitism,-,-,in,192,161308,5832,122,682,43,-,https://x.com/Noguchi_Emiko08/status/2013769404467581220,replied,2013629971676139966,jeongringitism,@jeongringitism Kalo dibalik jadi sawit kak.
2014245411805151389,Thu Jan 22 14:55:03 +0700 2026,2434644384,tr1ey,cangkem waras,-,-,-,in,84,389977,6575,426,2887,213,https://pbs.twimg.com/media/G_QJhcla4AAXj_M.jpg,https://x.com/tr1ey/status/2014245411805151389,-,-,-,Inilah penampakan Pasangan Toke Sawit yang Laporkan Guru Honorer hingga jadi ters4ngka karena mencukur rambut anaknya yang panjang dan pirang…  Pntesan kekeh g mau damai ternyta beruang... https://t.co/OwEjZQp1TK
2014319339235934597,Thu Jan 22 19:48:49 +0700 2026,115438018,sociotalker,Joel Picard,-,-,twitterville,in,591,282654,17879,882,7802,553,https://pbs.twimg.com/media/G_RMwySX0AAVDr-.jpg,https://x.com/sociotalker/status/2014319339235934597,-,-,-,"prabowonomics &gt;&gt; bisnis katering skala brutal, tanam sawit ugal2an, subsidi koperasi gila2an, militerisasi birokrasi sana sini, kendalikan bank sentral lewat ponakan. https://t.co/DFQuavccJh"
2014938968501207375,Sat Jan 24 12:51:00 +0700 2026,1730941900792954881,russellates,ruby,-,-,63,in,955,619163,28185,243,4068,1200,-,https://x.com/russellates/status/2014938968501207375,-,-,-,berhubung gw juga 27 kalo misal ada bocah barely twenty ngomong ke gw you're the love of my life kayanya gw akan lebih percaya omongan sawit itu pohon sih....
2014931590141608058,Sat Jan 24 12:21:41 +0700 2026,1169986937802743813,ayamgota,mutiara,-,-,-,in,297,1114686,17599,163,3015,591,-,https://x.com/ayamgota/status/2014931590141608058,-,-,-,"lulu bukan cuman voter, tapi ngepromosiin penjahat ham jadi presiden, sekarang kita dipimpin orang tamak yang cinta sawit sampe buat banjir dimana-mana. trus pas kita nolak berempati atas wafat nya lulu dibilang buta dalam moril? thankyewrrrr 💅💅💅"
2015290730022047861,Sun Jan 25 12:08:46 +0700 2026,1528150979061096449,Oliviacindyy007,Cindyy,-,-,-,in,0,22314,516,25,13,23,https://pbs.twimg.com/media/G_fAPSXbwAE-r5u.jpg,https://x.com/Oliviacindyy007/status/2015290730022047861,-,-,-,Wekkend nya menjelajah kebun sawit🤣🤣 https://t.co/S3KO5QMlOb
2015399215883809160,Sun Jan 25 19:19:52 +0700 2026,1573184292057858049,sisilainpetrik,Hai Patrick ~ Jasa Desainnu,-,-,Coba tebak.,in,330,331272,35192,144,9041,432,-,https://x.com/sisilainpetrik/status/2015399215883809160,-,-,-,2023: Lengah dikit jadi Mixue 2024: Lengah dikit jadi Tomoro 2025: Lengah dikit jadi Sawit 2026: Lengah dikit jadi dapur MBG
2015435611663192296,Sun Jan 25 21:44:29 +0700 2026,83391461,coipp,Binasrul A Rahmawan,-,-,"Pleret, Bantul",in,156,131160,6583,65,2135,213,-,https://x.com/coipp/status/2015435611663192296,-,-,-,“Wong tuwo ki yo pengen ndelok anake mapan”. Kalimat sepele tapi dirungoke koyo ditibani lahan sawit.
2015531838148845622,Mon Jan 26 04:06:51 +0700 2026,1263434722203426816,tegarajasih,Kelebihan Tramadol,@PorosHalangID,-,"Matraman, Indonesia",in,1,11677,312,22,29,3,-,https://x.com/tegarajasih/status/2015531838148845622,replied,2015519731017785497,PorosHalangID,"@PorosHalangID Bruno ketika dikasi free role bangke juga ya, berasa opung Luhut ada dimana-mana. Gol lewat skema satu dua bersama Dorgu, daya jelajahnya juga edan.   Poin plus lagi Bruno sering jadi starter, tapi jarang ada rentetan cedera kambuhan gitu. Fisiknya kuat banget, kek batang sawit."
2016098675437797684,Tue Jan 27 17:39:16 +0700 2026,10207732,fahmi_fadzil,Fahmi Fadzil 🇲🇾,-,-,Kuala Lumpur,in,1,12258,118,2,44,5,https://pbs.twimg.com/media/G_qbojyaIAAclE_.jpg,https://x.com/fahmi_fadzil/status/2016098675437797684,-,-,-,"Apa yang PM maklumkan dalam sesi PMQT hari ini?  • ⁠🇲🇾💰Ringgit mengukuh, tanda keyakinan pelabur pada ekonomi negara. • ⁠2025: Lebihan dagangan RM151.80 bilion (naik 9.2% berbanding 2024). • 2025: Lawatan perdagangan PM jana RM45.4 bilion jualan eksport (LNG, sawit, E&E). • Kerajaan tidak laksana ujian diagnostik khas masuk Darjah Satu untuk murid 6 tahun. • Fokus pada pemantauan berterusan melalui guru dan ibu bapa."
2016170898794090893,Tue Jan 27 22:26:15 +0700 2026,1263434722203426816,tegarajasih,Kelebihan Tramadol,@sosmedkeras,-,"Matraman, Indonesia",in,0,22349,829,2,7,1,-,https://x.com/tegarajasih/status/2016170898794090893,replied,2016168386808729652,sosmedkeras,"@sosmedkeras Pasti bahagia soalnya menurut data dari pelayan sawit, warga Indonesia paling bahagia."
2016087297490563582,Tue Jan 27 16:54:03 +0700 2026,1451692249918570497,B4n6_H4n5,PeJaBaT,-,-,-,in,8,38361,258,50,70,33,https://pbs.twimg.com/ext_tw_video_thumb/2016087190489726978/pu/img/JCZyC6SInK01pwiQ.jpg,https://x.com/B4n6_H4n5/status/2016087297490563582,-,-,-,Petani Sawit di Kalimantan Tengah ini sekali beli Mobil langsung 15 Unit dan dibayar Tunai pakai uang Cash... https://t.co/EVunUWTzVQ
2016019176184586562,Tue Jan 27 12:23:22 +0700 2026,1839871,anwaribrahim,Anwar Ibrahim,-,#MalaysiaMADANI;#RancakkanMADANI;#MADANIBekerja,Malaysia,in,5,10736,252,12,62,3,https://pbs.twimg.com/amplify_video_thumb/2016019011528794112/img/6BNf6ydmQmXuCfzP.jpg,https://x.com/anwaribrahim/status/2016019176184586562,-,-,-,"Malaysia terus memperluas pasaran dan perdagangan, termasuk dalam LNG, minyak sawit, E&E, semikonduktor, aeroangkasa dan perabot.  Di Dewan Rakyat hari ini, saya maklumkan bahawa pada 2025, eksport menjana RM45.4 bilion melalui hubungan dengan lebih 10 negara utama, sementara jumlah perdagangan keseluruhan mencapai rekod tertinggi RM3.061 trilion, meningkat 6.3% berbanding 2024.  Kejayaan ini hasil dasar terbuka dan usaha menembusi 240 pasaran di seluruh dunia hatta membuktikan bahawa kita mampu menghadapi cabaran global dan terus mengekalkan momentum ekonomi negara.  #MalaysiaMADANI #RancakkanMADANI #MADANIBekerja"
2016870121336426725,Thu Jan 29 20:44:43 +0700 2026,1228468489511292928,BarisanOpOsisi,Novie Anwar,-,-,"Cibinong, Indonesia",in,133,189511,16733,189,7781,289,https://pbs.twimg.com/media/G_1cr_kbQAATG70.jpg,https://x.com/BarisanOpOsisi/status/2016870121336426725,-,-,-,"Urusan IKN belum kelar Whoosh belum kelar Bencana belum Kelar Sawit belum kelar Sekarang udah gabung zionist.   Kebanyakan banget gebrakannya sampe rakyat kewalahan.   *Sekian lama gagal jadi presiden, begitu jadi presiden gagal 🫣🫣😤😤 https://t.co/gzZTh1uXTM"
2017048892190445642,Fri Jan 30 08:35:05 +0700 2026,1040306964100669440,NenkMonica,𝕸𝖔𝖓𝖎𝖈𝖆 ᴼᶠᶠⁱᶜⁱᵃˡ,-,-,"Bandung, Indonesia",in,143,143861,6843,234,3615,148,https://pbs.twimg.com/ext_tw_video_thumb/2017048859114164226/pu/img/6OrsFCZ1bp21OmSN.jpg,https://x.com/NenkMonica/status/2017048892190445642,-,-,-,"Rumahnya direbut tuk sawit, ditembaki, dipasang ranjau paku besar, bahkan gajah kecil pun tertatih-tatih berlari.  Pelaku sabotase Taman Nasional Tesso Nilo melakukannya dengan sadar tanpa  rasa takut. https://t.co/vAxUOGkHHG"
2017075005939740970,Fri Jan 30 10:18:51 +0700 2026,843269533930405888,unmagnetism,unmag,-,-,-,in,42,261753,8357,155,1547,97,-,https://x.com/unmagnetism/status/2017075005939740970,quoted,2016482745422422311,forbitemeeee,ga semua kok ada juga yg suka sawit
2017042226573181063,Fri Jan 30 08:08:36 +0700 2026,1619899748387000322,islah_bahrawi,Islah Bahrawi,-,-,-,in,74,206435,6183,238,2781,288,-,https://x.com/islah_bahrawi/status/2017042226573181063,-,-,-,"Politikus Gokar tiba-tiba jadi hakim MK. Kepala Bappenas tiba-tiba bilang bahwa MBG lebih mendesak ketimbang lapangan kerja. Kamus Besar Bahasa Indonesia (KBBI) tiba-tiba mengubah definisi Sawit dari ""tanaman"" menjadi ""pohon"". Artinya, hutan yg dibabat tetap dikatakan hutan jika ditanam ""pohon sawit"".  Negara ini makin penuh tiba-tiba. Makin tidak tertebak arahnya. Hari ini kerja, besok tiba-tiba di PHK. Ratusan siswa paginya bertenaga tiba-tiba siangnya lemas, keracunan ""makanan bergizi"". Hebat banget negara kita.."
2017540766982410283,Sat Jan 31 17:09:37 +0700 2026,1643452401846996992,michieblues,nip,-,-,24 y.o,in,143,131538,9652,100,2599,114,-,https://x.com/michieblues/status/2017540766982410283,-,-,-,"jangan pernah kosongin pikiranmu, takut ntar ditanemin sawit"
2017521471871193161,Sat Jan 31 15:52:57 +0700 2026,1040306964100669440,NenkMonica,𝕸𝖔𝖓𝖎𝖈𝖆 ᴼᶠᶠⁱᶜⁱᵃˡ,-,-,"Bandung, Indonesia",in,16,31023,886,63,537,38,https://pbs.twimg.com/media/G_-tFiqbEAgBXFw.jpg,https://x.com/NenkMonica/status/2017521471871193161,-,-,-,"Skandal 'Pemutihan' Sawit dan Raibnya Potensi Negara Rp 380 Triliun  JAKARTA — Penggeledahan yang dilakukan Kejaksaan Agung (Kejagung) di kediaman mantan Menteri Lingkungan Hidup dan Kehutanan (LHK), Siti Nurbaya Bakar, bukan sekadar upaya paksa biasa. Operasi senyap yang dikonfirmasi pada Jumat (30/1/2026) ini diyakini sebagai kunci pembuka kotak pandora skandal tata kelola sawit terbesar dalam satu dekade terakhir.  Di balik dinding rumah sang mantan menteri, penyidik Jampidsus memburu jejak administrasi yang melegalkan jutaan hektare kebun sawit ilegal di dalam kawasan hutan—sebuah kebijakan yang dikenal dengan istilah ""pemutihan"".  ""Ada dugaan manipulasi data. Perusahaan yang murni merambah hutan tanpa izin, disulap seolah-olah memiliki izin lama agar dendanya murah. Selisih denda itulah yang menjadi kerugian negara dan bancakan oknum,"" ungkap sumber internal di lingkungan penyidikan."
2018227650054193603,Mon Feb 02 14:39:03 +0700 2026,929287558281830400,yaniarsim,¥@N'$,-,-,Indonesia,in,306,253489,15226,549,6497,358,https://pbs.twimg.com/ext_tw_video_thumb/2018227604852207616/pu/img/0kxoB00Hhs7-ARau.jpg,https://x.com/yaniarsim/status/2018227650054193603,-,-,-,Nangkep koruptor Pidato Ngasih bantuan Pidato Nolak bantuan Pidato Tanam sawit Pidato Dikritik....Pidato Marah...Pidato Ujung2nya......Hai antek2 asing Padahal dia sendiri antek asing. Dialah Prabowo Sawitanto  Giliran nambah utang 832 T diem2 bae https://t.co/xrNm7YtJlN
2018270438003179751,Mon Feb 02 17:29:04 +0700 2026,1282344685399240706,ceritatehfidy,𝐅𝐢𝐝𝐲.,-,-,-,in,67,200446,16503,106,5626,161,-,https://x.com/ceritatehfidy/status/2018270438003179751,quoted,2018233050484851128,tempodotco,"Stop bgt ga sih kl ngomong demi rakyat demi rakyat terus 😭 pak tolong itu bencana bencana aja dulu di selesaikan, jangan gila sawit gini 😭"
2018489615423053913,Tue Feb 03 08:00:00 +0700 2026,18129942,tempodotco,tempo.co,-,-,Indonesia,in,341,716544,1396,402,219,97,https://pbs.twimg.com/media/HAJ-n0vbYAAW6I8.jpg,https://x.com/tempodotco/status/2018489615423053913,-,-,-,"Prabowo: Kelapa Sawit Itu 'Miracle Crop', Tapi Ada Kelompok yang Nyinyir https://t.co/QyuLnqNSSp"
2018558430651588830,Tue Feb 03 12:33:27 +0700 2026,272817152,TaliUdeng,Sυɳαɳ Sαɾƙҽɱ 𝙎𝙑𝘿,-,-,Kasunanan Sarkem Tanpobusono,in,670,365965,12541,268,5586,776,https://pbs.twimg.com/media/HANcMaAaoAAWIXE.jpg,https://x.com/TaliUdeng/status/2018558430651588830,-,-,-,"Tahu ga ngaruhnya jika Sawit didefinisikan sebagai POHON dan BUKAN TUMBUHAN?  Secara ilmiah Sawit itu tumbuhan monokotil dan tidak berkayu, jadi jelas bukan pohon.  Dilihat dari segi hukum lebih salah lagi..jika dinamakan POHON maka jika hutan kita digunduli dan ditanam sawit itu bukan DEFORESTASI, krena ditanami ulang dengan POHON.  Segitunya cinta kepada Sawit.."
2019020622219903271,Wed Feb 04 19:10:02 +0700 2026,1240263293928755200,belovedkeju,Alen.,-,-,rps,in,0,1831,245,0,32,3,https://pbs.twimg.com/media/HAUAjVabAAAj0Sh.jpg,https://x.com/belovedkeju/status/2019020622219903271,-,-,-,aku cinta kalian berdua lebih dari wowo cinta sawit.... 😞 https://t.co/b4G0J7FvuA
2018946590640423399,Wed Feb 04 14:15:52 +0700 2026,182261760,indiratendi,indi,-,-,Indonesia,in,42,92969,5455,27,2854,184,-,https://x.com/indiratendi/status/2018946590640423399,quoted,2018558430651588830,TaliUdeng,"Lobinya sawit sampe ke badan bahasa, supaya nebang/bakar/buldozer hutan ga disebut sebagai deforestasi"
2019380745090003074,Thu Feb 05 19:01:02 +0700 2026,233905340,mandikecil,adnan,-,-,Kabupaten Semarang,in,413,520340,33253,381,11738,547,-,https://x.com/mandikecil/status/2019380745090003074,-,-,-,"Pemerintah kontol, MBG kontol, sawit kontol, hilirisasi nikel kontol, zionis kontol, dewasa kontol, cinta-cintaan kontol, mobile legends kontol"
2019714423313813943,Fri Feb 06 17:06:57 +0700 2026,159919812,Dandhy_Laksono,Dandhy Laksono,-,-,-,in,528,291328,15236,550,5448,384,https://pbs.twimg.com/media/HAd3j45bIAA-eG7.jpg,https://x.com/Dandhy_Laksono/status/2019714423313813943,-,-,-,"Orang waras justru waspada saat negara lain nyuruh kita gaspol sawit, jagung, dan tebu untuk biofuel. Atau nikel dan batubara.   Karena seharusnya dibaca begini:  ""Lu aja yang habisin hutan dan bonyok duluan, gih. Gue tinggal beli dari lu aja"". https://t.co/RkQMTrdvXh"
2020110331385639126,Sat Feb 07 19:20:09 +0700 2026,1478245047841660930,Dara_Cega,DARA GADIS BORNEO,-,-,"Kalimantan Barat, Indonesia",in,18,39460,4164,30,2092,61,https://pbs.twimg.com/ext_tw_video_thumb/2020110288062935041/pu/img/C9OrFZnu34NaJ_WL.jpg,https://x.com/Dara_Cega/status/2020110331385639126,-,-,-,"Kalimantan bukan tanah kosong untuk diganti sawit. Ini rumah orangutan yang pintar, bekantan yang unik, dan jutaan makhluk lain. Tangan-tangan di balik meja Jakarta, tolong sadar, kalau hutan ini habis, oksigen kita ikut susut. Hentikan niat merusak. https://t.co/0p4Pdwv0Cm"
2020096532717109641,Sat Feb 07 18:25:19 +0700 2026,1745265761416056832,indepenSumatera,Sumatera Adil & Federal,-,-,england,in,31,129069,7878,26,5448,166,https://pbs.twimg.com/ext_tw_video_thumb/2020096502987898880/pu/img/dYznt_Tpm6LR0IFG.jpg,https://x.com/indepenSumatera/status/2020096532717109641,-,-,-,"🚨 SATWA ENDEMIK KALIMANTAN YANG TERANCAM PUNAH  Satwa Endemik Kalimantan yang Populasinya Sangat Terancam Punah Gajah Kalimantan (Borneo / Bornean Elephant) Gajah Kalimantan secara genetik berbeda dari gajah Asia di daratan utama. Populasinya diperkirakan kurang dari 1.500 ekor, dengan jumlah reproduksi dewasa sekitar 400 ekor. Habitat mereka terus menyusut karena deforestasi, ekspansi perkebunan sawit, tambang, dan konflik manusia — sekitar 60 % habitat hilang dalam 40 tahun terakhir. Orangutan Kalimantan (Orangutan Borneo / Bornean Orangutan) Dulunya tersebar luas di Kalimantan, kini populasinya menurun drastis. Sekitar lebih dari 50% habitat hilang dalam 20 tahun terakhir dan populasi mengalami penurunan tajam selama 60 tahun terakhir. Ada tiga subspesies: Northwest Borneo ~3.000 ekor, Northeast ~16.000 (termasuk di Kalimantan Timur) dan Central ~35.000 ekor. Badak Kalimantan (Bornean Rhino / Bornean Rhinoceros, Dicerorhinus sumatrensis harrisoni) Badak Kalimantan berada di ambang kepunahan—hanya 2 individu yang dipastikan tersisa: Pari (masih di alam liar) dan Pahu (sudah dalam pusat konservasi). Untuk menyelamatkan spesiesnya, pemerintah merencanakan relokasi Pari ke kawasan konservasi yang lebih aman. Pesut Mahakam (Dolphin Air Tawar Mahakam / Irrawaddy Dolphin di Sungai Mahakam, Orcaella brevirostris) Pesut Mahakam adalah satu-satunya lumba-lumba air tawar di sungai Kalimantan. Statusnya Sangat Terancam Punah / Kritikal. Populasinya diperkirakan sekitar 60–70 ekor di alam liar menurut survei terkini. Ancaman utama termasuk terjerat jaring nelayan (≈ 66% angka kematian), benturan kapal, polusi, dan gangguan habitat. Ajakan 🌱 Mari kita bersama lindungi warisan alam Kalimantan! Dukung organisasi konservasi lokal & internasional Promosikan penggunaan alternatif terhadap produk yang merusak habitat (misalnya sawit berkelanjutan) Edukasikan masyarakat di sekitar habitat satwa Tekankan pentingnya koridor satwa dan perlindungan kawasan inti Sumber Utama IUCN / WWF / Natural History Museum: data Gajah Kalimantan WWF & laporan konservasi: data Orangutan ANTARA News: pernyataan relokasi badak ANTARA & KLH: data Pesut Mahakam Yayasan RASI: survei jangka panjang Pesut"
2020138031060000819,Sat Feb 07 21:10:13 +0700 2026,1222927522033094656,idextratime,Extra Time Indonesia,-,-,-,in,16,154206,3633,52,185,59,-,https://x.com/idextratime/status/2020138031060000819,-,-,-,woy itu sapa cik yang komen sawit vs nuklir 😭
2020306915960783266,Sun Feb 08 08:21:18 +0700 2026,947632364003368961,KangManto123,KANG MANTO,-,-,"Nganjuk, Indonesia",in,19,171833,3540,88,129,94,https://pbs.twimg.com/media/HAmSbvTasAAPoAI.jpg,https://x.com/KangManto123/status/2020306915960783266,-,-,-,Lumayan lahan baru bisa ditanami sawit ..😋 https://t.co/DLNDwjyRcW
2020864898461229064,Mon Feb 09 21:18:32 +0700 2026,1291503538758012929,xdozul,xdozul,@myshawti,-,"Alang-Alang Lebar, Indonesia",in,15,61006,2382,9,72,8,-,https://x.com/xdozul/status/2020864898461229064,replied,2020853944189382837,myshawti,@myshawti cara ubah biji owo dengan biji sawit
2020837737407172912,Mon Feb 09 19:30:36 +0700 2026,1666718933276332032,mencar882,𝐌𝐄𝐍𝐂𝐀𝐑,-,-,-,in,436,416822,35613,154,3166,550,https://pbs.twimg.com/media/HAt1NH8aoAArZqw.jpg,https://x.com/mencar882/status/2020837737407172912,-,-,-,di apk sebelah ada yg bilang namanya sawit pancake?? https://t.co/hudnyjcl4D
2020989627499237470,Tue Feb 10 05:34:10 +0700 2026,2005454899673448448,heartopia_fess,Heartopia Fess,-,-,Heartopia,in,20,33402,1371,20,199,688,https://pbs.twimg.com/media/HAv_WwuXwAAvh4W.jpg,https://x.com/heartopia_fess/status/2020989627499237470,-,-,-,"Pagi warga !hato 🌞 Hari ini Oak 🌳 ada di Rumah No. 12, Fluorite 💎 ada di Gunung Onsen (dekat tempat makan capybara), Telur Emerald 🥚💚 di sawit dekat Annie, Bubble 🫧 di sawit dekat jembatan shallow river! 😊 https://t.co/AOh1BuDyHp"
2021074661086462357,Tue Feb 10 11:12:03 +0700 2026,1159689173340585984,__AnakKolong,| A K |,@prabowo,-,Wherever you're not lookin',in,8,13283,331,59,114,11,https://pbs.twimg.com/media/HAxMsWZaAAIjCzr.jpg,https://x.com/__AnakKolong/status/2021074661086462357,-,-,-,"Meskipun @prabowo sudah purnawirawan, tapi ada satu hal yg tak pernah beliau lakukan yaitu:   MENCABUT SUMPAH PRAJURITNYA.  Maka, tegas sy sampaikan bhw; Prabowo adalah patriot yg ikhlas, konsisten, mengutamakan keperwiraan dlm melaksanakan tugas, senantiasa siap sedia berbhakti kepada nusa & bangsa, anti - asing, setia & menepati sumpah prajurit.  VALID NO DEBAT !!  Beliau, pasti tidak senang dgn hasil survei ini, krn keikhlasan & keperwiraannya dlm menjalankan tugas tak bisa dinilai dgn hasil survei kepuasan publik.  _________  Tp, itu narasi jika (misalnya) sy adalah pendukung garis keras beliau. 😁 _________  Antartika memang bukan tempat survei bohong, tapi satu tempat di mana akal sehat dibekukan, lalu dicairkan lagi pada angka 79,9%.  Konsistensi itu penting, tp kekuasaan tak pernah memilikinya, spy penguasa bisa sebebas - bebasnya memilih angka mana yg harus dipercaya hari ini.  Dan hari ini, Prabowo adalah ;  PRESIDEN YANG BERKUASA,   atas proyek MBG, sawit, & hajat hidup orang banyak, serta gemar mengukur segala sesuatu, termasuk nyawa manusia dgn angka² statistik. . . 😁🍻"
2021182076288971128,Tue Feb 10 18:18:53 +0700 2026,1833824699396317184,idkwtdhlp,avi,-,#singlesinferno5,"Edinburgh, Scotland",in,129,68492,3109,41,318,112,https://pbs.twimg.com/media/HAyuW09aAAQtmer.jpg,https://x.com/idkwtdhlp/status/2021182076288971128,-,-,-,"subeen: ""kamu tau ga nanti tanggal 14, hivi mau tampil, nonton yuk seng?""  seungil: ""lahan mana lagi yang kudu kita tanem sawit, mi?""  #singlesinferno5 https://t.co/grHgujpQDL"
2021588893464690864,Wed Feb 11 21:15:26 +0700 2026,1303996139931275264,puri__nim,puri🍉,-,-,unpaid labour yang demen asbun,in,472,421004,21856,117,4176,499,-,https://x.com/puri__nim/status/2021588893464690864,-,-,-,"Lagian diskursus SEA vs Korea ini kalo dibales dengan ""SEA rata-rata pemerintahnya jelek soalnya gabisa biayain soft diplomacy pake musik mereka"" kita semua juga bakal diem. Lu pada masih aja ngide pake ""jungle Asia"" yadda-yadda itu, udah gak jungle lagi shay, dah diganti sawit."
2021474869339422768,Wed Feb 11 13:42:20 +0700 2026,1750712668644921344,hrnyaftrsad,hrnyaftrsad,@mandikecil,-,-,in,0,0,0,0,11737,0,-,https://x.com/hrnyaftrsad/status/2021474869339422768,retweeted,2019380745090003074,mandikecil,"RT @mandikecil: Pemerintah kontol, MBG kontol, sawit kontol, hilirisasi nikel kontol, zionis kontol, dewasa kontol, cinta-cintaan kontol, mobile legends kontol"
2021563255576289497,Wed Feb 11 19:33:33 +0700 2026,1930960308614705152,monkey86143,noobmaster128,@mandikecil,-,-,in,0,0,0,0,11737,0,-,https://x.com/monkey86143/status/2021563255576289497,retweeted,2019380745090003074,mandikecil,"RT @mandikecil: Pemerintah kontol, MBG kontol, sawit kontol, hilirisasi nikel kontol, zionis kontol, dewasa kontol, cinta-cintaan kontol, mobile legends kontol"
2021595066096042476,Wed Feb 11 21:39:57 +0700 2026,1427536273510596617,nyrclst,acaa | ismil era 💂🏻‍♂️,@fewritincty,-,coeratzengene,in,87,155897,10856,72,743,54,-,https://x.com/nyrclst/status/2021595066096042476,replied,2021549791457820756,fewritincty,"@fewritincty korea salah kalo mau nge counter indo jgn rasis, aturan counter nya bawa² pmrentah kek “at least pemimpin gue ga tergila-gila sama sawit” CETAS langsung kena bgt 😇🙏🏻💔"
2021925601683419469,Thu Feb 12 19:33:23 +0700 2026,2515464318,sorrynnotsrry,farhan,@mandikecil,-,-,in,0,0,0,0,11736,0,-,https://x.com/sorrynnotsrry/status/2021925601683419469,retweeted,2019380745090003074,mandikecil,"RT @mandikecil: Pemerintah kontol, MBG kontol, sawit kontol, hilirisasi nikel kontol, zionis kontol, dewasa kontol, cinta-cintaan kontol, mobile legends kontol"
2021787409751388189,Thu Feb 12 10:24:16 +0700 2026,78565229,itsaleey,Aley,-,-,-,in,26,82765,1213,24,213,203,-,https://x.com/itsaleey/status/2021787409751388189,quoted,2021592825826075124,unmagnetism,"Tanpa kita sadari, kita sering ""meminum"" turunan sawit. Banyak minuman creamy menggunakan minyak sawit sebagai pengemulsi atau penambah tekstur:  - ​Kopi Instan 3-in-1: Krimer nabati di dalamnya sebagian besar berasal dari minyak sawit. - ​Susu Kental Manis: Banyak merek yang mengganti lemak susu dengan lemak nabati (minyak sawit). - ​Minuman Cokelat: Agar terasa lembut di lidah, seringkali ada kandungan lemak sawit di dalamnya."
2021910476716978300,Thu Feb 12 18:33:17 +0700 2026,1673236247471599618,Defiz698,go with the flow,@mandikecil,-,-,in,0,0,0,0,11736,0,-,https://x.com/Defiz698/status/2021910476716978300,retweeted,2019380745090003074,mandikecil,"RT @mandikecil: Pemerintah kontol, MBG kontol, sawit kontol, hilirisasi nikel kontol, zionis kontol, dewasa kontol, cinta-cintaan kontol, mobile legends kontol"
2021919158733267014,Thu Feb 12 19:07:47 +0700 2026,843541063738449920,baikbaikboy,Bababo,@myshawti,-,-,in,3,57735,2053,7,44,5,-,https://x.com/baikbaikboy/status/2021919158733267014,replied,2021910866657157568,myshawti,"@myshawti Salah satu judul lagunya yang terkenal adalah ""mari menanam sawit"""
2021834860239925413,Thu Feb 12 13:32:49 +0700 2026,1777176481493610496,CFALEVEL99,"Baru lvl 2, belum",@ogiehart,-,-,in,5,8253,223,2,5,4,-,https://x.com/CFALEVEL99/status/2021834860239925413,replied,2021804572583575892,ogiehart,@ogiehart Seumur-umur ke kebun sawit baru bulan lalu ketemu cewe kerja di sana. Ternyata mereka anak magang yang at any time ketika ke kebun harus ditemenin supervisor. Segitunya mereka berusaha melindungi cewe karena ya gitu deh...
2022222360775164109,Fri Feb 13 15:12:36 +0700 2026,953288864,sexieest,leona,-,-,"Kota Surabaya, Jawa Timur",in,139,249410,27507,132,5973,366,-,https://x.com/sexieest/status/2022222360775164109,-,-,-,"warga indo tiap hari melawan penyakit sawit gila, kalau cuma ocehan knetz mah ibarat masuk telinga kanan keluar beli bakso"
2022146852544819234,Fri Feb 13 10:12:33 +0700 2026,1418451445574078465,anatiaa_na,tianaa,@mandikecil,-,-,in,0,0,0,0,11736,0,-,https://x.com/anatiaa_na/status/2022146852544819234,retweeted,2019380745090003074,mandikecil,"RT @mandikecil: Pemerintah kontol, MBG kontol, sawit kontol, hilirisasi nikel kontol, zionis kontol, dewasa kontol, cinta-cintaan kontol, mobile legends kontol"
2022270018571088170,Fri Feb 13 18:21:59 +0700 2026,848907782,saskia_obay,Saskia Sekarini,@plisitin,-,"Depok, Indonesia",in,0,0,0,0,16245,0,-,https://x.com/saskia_obay/status/2022270018571088170,retweeted,2001647704368386409,plisitin,RT @plisitin: pikiran lagi kosong tau-tau ditanemin sawit
2022204770417820018,Fri Feb 13 14:02:42 +0700 2026,1709941329629958144,pejabatdenial,al,@menuembegejelek,-,Daerah Istimewa Yugoslavia,in,7,62441,2341,20,86,4,-,https://x.com/pejabatdenial/status/2022204770417820018,replied,2022198059808313768,menuembegejelek,"@menuembegejelek mungkin sekarang kelapa, bisa jadi bulan depan sawit"
2022277675608662461,Fri Feb 13 18:52:24 +0700 2026,1654751638421372930,maioumei,me,@mandikecil,-,-,in,0,0,0,0,11737,0,-,https://x.com/maioumei/status/2022277675608662461,retweeted,2019380745090003074,mandikecil,"RT @mandikecil: Pemerintah kontol, MBG kontol, sawit kontol, hilirisasi nikel kontol, zionis kontol, dewasa kontol, cinta-cintaan kontol, mobile legends kontol"
2022164283803807762,Fri Feb 13 11:21:49 +0700 2026,1359440113420308484,deluziee,Lynnn | From the River to the Sea🇵🇸🇵🇸,@siPisces22,-,-,in,4,47782,1937,9,48,12,-,https://x.com/deluziee/status/2022164283803807762,replied,2021818187650875814,siPisces22,"@siPisces22 Aman aza kata gweh mah, selama ga menghadap sawit."
2022018978944831581,Fri Feb 13 01:44:26 +0700 2026,1781143961199132672,AntarsanaExo,Antarsana Exotica,@NenkMonica,-,-,in,0,0,0,0,4907,0,-,https://x.com/AntarsanaExo/status/2022018978944831581,retweeted,2013448731853742590,NenkMonica,"RT @NenkMonica: WARGA ADAT SORONG DIPAKSA SERAHKAN 700 Ha TANAH UNTUK SAWIT.  Ancaman ekspansi sawit di Papua kembali mencuat. Senin (19/1/2026) sore, seorang perwakilan yang mengaku dari PT Inti Kebun Sejahtera (IKSJ) mendatangi warga adat di Distrik Moi Segen, Kabupaten Sorong, Papua Barat Daya, dan meminta penyerahan wilayah adat marga Klagilit Maburu seluas 700 hektar untuk kebun sawit. Perusahaan ini disebut telah beroperasi sejak 2007/2008.  IKSJ diketahui merupakan anak usaha Ciliandry Anky Abadi, grup sawit milik keluarga Fangiono. Perwakilan perusahaan bernama Algius dilaporkan telah beberapa kali mendekati warga, meski penolakan telah disampaikan berulang. Warga menyebut pendekatan dilakukan dengan ""janji manis"" yang dinilai mengancam kerukunan marga dan keberlanjutan hutan adat. ~suaraakarrumputt~"
2022664833095938212,Sat Feb 14 20:30:50 +0700 2026,1278731570677813248,undonepoetryz,nibi,@sexieest,-,-,in,0,0,0,0,5973,0,-,https://x.com/undonepoetryz/status/2022664833095938212,retweeted,2022222360775164109,sexieest,"RT @sexieest: warga indo tiap hari melawan penyakit sawit gila, kalau cuma ocehan knetz mah ibarat masuk telinga kanan keluar beli bakso"
2022664476961669492,Sat Feb 14 20:29:25 +0700 2026,1771524072301854720,oceandustpen_,océdust,@sexieest,-,-,in,0,0,0,0,5973,0,-,https://x.com/oceandustpen_/status/2022664476961669492,retweeted,2022222360775164109,sexieest,"RT @sexieest: warga indo tiap hari melawan penyakit sawit gila, kalau cuma ocehan knetz mah ibarat masuk telinga kanan keluar beli bakso"
2022664320841396643,Sat Feb 14 20:28:48 +0700 2026,1745822556492648448,pacarneuvillete,STFU,@sexieest,-,-,in,0,0,0,0,5973,0,-,https://x.com/pacarneuvillete/status/2022664320841396643,retweeted,2022222360775164109,sexieest,"RT @sexieest: warga indo tiap hari melawan penyakit sawit gila, kalau cuma ocehan knetz mah ibarat masuk telinga kanan keluar beli bakso"
2022664971629580744,Sat Feb 14 20:31:23 +0700 2026,1017005428029313025,qlsxks11,bibin,@sexieest,-,-,in,0,0,0,0,5973,0,-,https://x.com/qlsxks11/status/2022664971629580744,retweeted,2022222360775164109,sexieest,"RT @sexieest: warga indo tiap hari melawan penyakit sawit gila, kalau cuma ocehan knetz mah ibarat masuk telinga kanan keluar beli bakso"
2022664054448492995,Sat Feb 14 20:27:44 +0700 2026,541507264,sauwjana,kiona,@sexieest,-,-,in,0,0,0,0,5973,0,-,https://x.com/sauwjana/status/2022664054448492995,retweeted,2022222360775164109,sexieest,"RT @sexieest: warga indo tiap hari melawan penyakit sawit gila, kalau cuma ocehan knetz mah ibarat masuk telinga kanan keluar beli bakso"
2022663788819067187,Sat Feb 14 20:26:41 +0700 2026,1384649586258571266,kiddipiees,chel,@sexieest,-,-,in,0,0,0,0,5973,0,-,https://x.com/kiddipiees/status/2022663788819067187,retweeted,2022222360775164109,sexieest,"RT @sexieest: warga indo tiap hari melawan penyakit sawit gila, kalau cuma ocehan knetz mah ibarat masuk telinga kanan keluar beli bakso"
2022663571184963916,Sat Feb 14 20:25:49 +0700 2026,1369624086784131075,zJendeukim,kha,@sexieest,-,secret,in,0,0,0,0,5973,0,-,https://x.com/zJendeukim/status/2022663571184963916,retweeted,2022222360775164109,sexieest,"RT @sexieest: warga indo tiap hari melawan penyakit sawit gila, kalau cuma ocehan knetz mah ibarat masuk telinga kanan keluar beli bakso"
2022660678025363910,Sat Feb 14 20:14:19 +0700 2026,1575076753026224129,my_watanababe,✨,@sexieest,-,-,in,0,0,0,0,5973,0,-,https://x.com/my_watanababe/status/2022660678025363910,retweeted,2022222360775164109,sexieest,"RT @sexieest: warga indo tiap hari melawan penyakit sawit gila, kalau cuma ocehan knetz mah ibarat masuk telinga kanan keluar beli bakso"
2022665394973180066,Sat Feb 14 20:33:04 +0700 2026,1734922820466135040,Banana_cake12,Jex33,@sexieest,-,-,in,0,0,0,0,5973,0,-,https://x.com/Banana_cake12/status/2022665394973180066,retweeted,2022222360775164109,sexieest,"RT @sexieest: warga indo tiap hari melawan penyakit sawit gila, kalau cuma ocehan knetz mah ibarat masuk telinga kanan keluar beli bakso"
2022665578750910792,Sat Feb 14 20:33:47 +0700 2026,1854707928911192064,MargaritaLi3m,Dee ana,@sexieest,-,-,in,0,0,0,0,5973,0,-,https://x.com/MargaritaLi3m/status/2022665578750910792,retweeted,2022222360775164109,sexieest,"RT @sexieest: warga indo tiap hari melawan penyakit sawit gila, kalau cuma ocehan knetz mah ibarat masuk telinga kanan keluar beli bakso"
2022665703988564031,Sat Feb 14 20:34:17 +0700 2026,1885236138669203457,YolandaSib14757,uyongieeyaa🩶,@sexieest,-,-,in,0,0,0,0,5973,0,-,https://x.com/YolandaSib14757/status/2022665703988564031,retweeted,2022222360775164109,sexieest,"RT @sexieest: warga indo tiap hari melawan penyakit sawit gila, kalau cuma ocehan knetz mah ibarat masuk telinga kanan keluar beli bakso"
2022665727426408468,Sat Feb 14 20:34:23 +0700 2026,1177400453094502400,leftonmaybe,unchosen,@sexieest,-,indonesia ,in,0,0,0,0,5973,0,-,https://x.com/leftonmaybe/status/2022665727426408468,retweeted,2022222360775164109,sexieest,"RT @sexieest: warga indo tiap hari melawan penyakit sawit gila, kalau cuma ocehan knetz mah ibarat masuk telinga kanan keluar beli bakso"
2022665807680131535,Sat Feb 14 20:34:42 +0700 2026,1297875562019471361,renjunhinjoon,seyy,@sexieest,-,she/her,in,0,0,0,0,5973,0,-,https://x.com/renjunhinjoon/status/2022665807680131535,retweeted,2022222360775164109,sexieest,"RT @sexieest: warga indo tiap hari melawan penyakit sawit gila, kalau cuma ocehan knetz mah ibarat masuk telinga kanan keluar beli bakso"
2022665880283574631,Sat Feb 14 20:34:59 +0700 2026,1797619533081169922,nade_story,ㅋ,@sexieest,-,-,in,0,0,0,0,5973,0,-,https://x.com/nade_story/status/2022665880283574631,retweeted,2022222360775164109,sexieest,"RT @sexieest: warga indo tiap hari melawan penyakit sawit gila, kalau cuma ocehan knetz mah ibarat masuk telinga kanan keluar beli bakso"
2022665981647294793,Sat Feb 14 20:35:23 +0700 2026,1082447603889975296,havemanyhubby,𝐋𝐚𝐧 𝐕𝐨𝐧 𝐍𝐞𝐮𝐬𝐜𝐡𝐰𝐚𝐧𝐬𝐭𝐞𝐢𝐧,@sexieest,-,Ishid's Wife,in,0,0,0,0,5973,0,-,https://x.com/havemanyhubby/status/2022665981647294793,retweeted,2022222360775164109,sexieest,"RT @sexieest: warga indo tiap hari melawan penyakit sawit gila, kalau cuma ocehan knetz mah ibarat masuk telinga kanan keluar beli bakso"
2022665990262419797,Sat Feb 14 20:35:26 +0700 2026,1884243745983586310,pandaaa_kyw,pikachuuu_01,@sexieest,-,-,in,0,0,0,0,5973,0,-,https://x.com/pandaaa_kyw/status/2022665990262419797,retweeted,2022222360775164109,sexieest,"RT @sexieest: warga indo tiap hari melawan penyakit sawit gila, kalau cuma ocehan knetz mah ibarat masuk telinga kanan keluar beli bakso"
2022666281359728980,Sat Feb 14 20:36:35 +0700 2026,628964180,1qbalsaputra,Secuilbalado,@sexieest,-,-,in,0,0,0,0,5973,0,-,https://x.com/1qbalsaputra/status/2022666281359728980,retweeted,2022222360775164109,sexieest,"RT @sexieest: warga indo tiap hari melawan penyakit sawit gila, kalau cuma ocehan knetz mah ibarat masuk telinga kanan keluar beli bakso"
2022666483604873499,Sat Feb 14 20:37:23 +0700 2026,1574286769368887296,bluvvel,á,@sexieest,-,Indonesia,in,0,0,0,0,5973,0,-,https://x.com/bluvvel/status/2022666483604873499,retweeted,2022222360775164109,sexieest,"RT @sexieest: warga indo tiap hari melawan penyakit sawit gila, kalau cuma ocehan knetz mah ibarat masuk telinga kanan keluar beli bakso"
2022665199208272240,Sat Feb 14 20:32:17 +0700 2026,1487228138690326528,Meimeipark_,Nunaanew,@sexieest,-,-,in,0,0,0,0,5973,0,-,https://x.com/Meimeipark_/status/2022665199208272240,retweeted,2022222360775164109,sexieest,"RT @sexieest: warga indo tiap hari melawan penyakit sawit gila, kalau cuma ocehan knetz mah ibarat masuk telinga kanan keluar beli bakso"
2022665336131399811,Sat Feb 14 20:32:50 +0700 2026,1577603861032079360,huang_ndunn,nanaaa jangan dii 🧹🧹🧹,@sexieest,-,"Jilin City, China",in,0,0,0,0,5973,0,-,https://x.com/huang_ndunn/status/2022665336131399811,retweeted,2022222360775164109,sexieest,"RT @sexieest: warga indo tiap hari melawan penyakit sawit gila, kalau cuma ocehan knetz mah ibarat masuk telinga kanan keluar beli bakso"
2022660123869745207,Sat Feb 14 20:12:07 +0700 2026,446774689,nblahnumfradnti,num,@sexieest,-,she/her 99l 🇮🇩,in,0,0,0,0,5973,0,-,https://x.com/nblahnumfradnti/status/2022660123869745207,retweeted,2022222360775164109,sexieest,"RT @sexieest: warga indo tiap hari melawan penyakit sawit gila, kalau cuma ocehan knetz mah ibarat masuk telinga kanan keluar beli bakso"
2022663428201136480,Sat Feb 14 20:25:15 +0700 2026,1861935560971243520,digulseptian,Beetleborgs ⋆.˚🪲༘⋆‧₊˚ ☁️⋅♡🪐୧⍤⃝ ⋆,@sexieest,-,Indonesia,in,0,0,0,0,5973,0,-,https://x.com/digulseptian/status/2022663428201136480,retweeted,2022222360775164109,sexieest,"RT @sexieest: warga indo tiap hari melawan penyakit sawit gila, kalau cuma ocehan knetz mah ibarat masuk telinga kanan keluar beli bakso"
2022666542648082607,Sat Feb 14 20:37:37 +0700 2026,1266486582791430144,jehathoughts,jeha,@sexieest,-,-,in,0,0,0,0,5973,0,-,https://x.com/jehathoughts/status/2022666542648082607,retweeted,2022222360775164109,sexieest,"RT @sexieest: warga indo tiap hari melawan penyakit sawit gila, kalau cuma ocehan knetz mah ibarat masuk telinga kanan keluar beli bakso"
2022659385525440796,Sat Feb 14 20:09:11 +0700 2026,1108690676240138240,my0hann,"xo, 𝐜𝐡𝐚 ☽̶☾",@sexieest,-,-,in,0,0,0,0,5973,0,-,https://x.com/my0hann/status/2022659385525440796,retweeted,2022222360775164109,sexieest,"RT @sexieest: warga indo tiap hari melawan penyakit sawit gila, kalau cuma ocehan knetz mah ibarat masuk telinga kanan keluar beli bakso"
2022659112392401255,Sat Feb 14 20:08:06 +0700 2026,1082086342794784768,randomhoomann,rain,@sexieest,-,"🐰,🐰🐼,🦁,🦊,🐨",in,0,0,0,0,5973,0,-,https://x.com/randomhoomann/status/2022659112392401255,retweeted,2022222360775164109,sexieest,"RT @sexieest: warga indo tiap hari melawan penyakit sawit gila, kalau cuma ocehan knetz mah ibarat masuk telinga kanan keluar beli bakso"
2022660590033109205,Sat Feb 14 20:13:58 +0700 2026,1794269506271051776,jaymatchalatte,rey k/ia,@sexieest,-,she/her || ISTJ,in,0,0,0,0,5973,0,-,https://x.com/jaymatchalatte/status/2022660590033109205,retweeted,2022222360775164109,sexieest,"RT @sexieest: warga indo tiap hari melawan penyakit sawit gila, kalau cuma ocehan knetz mah ibarat masuk telinga kanan keluar beli bakso"
2022660809420411341,Sat Feb 14 20:14:50 +0700 2026,1918813241872150529,nepillaa41,hongcii,@sexieest,-,-,in,0,0,0,0,5973,0,-,https://x.com/nepillaa41/status/2022660809420411341,retweeted,2022222360775164109,sexieest,"RT @sexieest: warga indo tiap hari melawan penyakit sawit gila, kalau cuma ocehan knetz mah ibarat masuk telinga kanan keluar beli bakso"
2022658917634052202,Sat Feb 14 20:07:19 +0700 2026,1595751065190019072,dotgirl_j,_dotgurl🍉,@sexieest,-,-,in,0,0,0,0,5973,0,-,https://x.com/dotgirl_j/status/2022658917634052202,retweeted,2022222360775164109,sexieest,"RT @sexieest: warga indo tiap hari melawan penyakit sawit gila, kalau cuma ocehan knetz mah ibarat masuk telinga kanan keluar beli bakso"
2022659490940879192,Sat Feb 14 20:09:36 +0700 2026,1641988374,matcharakat,aul,@sexieest,-,-,in,0,0,0,0,5973,0,-,https://x.com/matcharakat/status/2022659490940879192,retweeted,2022222360775164109,sexieest,"RT @sexieest: warga indo tiap hari melawan penyakit sawit gila, kalau cuma ocehan knetz mah ibarat masuk telinga kanan keluar beli bakso"
2022659552202961291,Sat Feb 14 20:09:51 +0700 2026,975875941,Stylesolated,Fira 🖤,@sexieest,-,-,in,0,0,0,0,5973,0,-,https://x.com/Stylesolated/status/2022659552202961291,retweeted,2022222360775164109,sexieest,"RT @sexieest: warga indo tiap hari melawan penyakit sawit gila, kalau cuma ocehan knetz mah ibarat masuk telinga kanan keluar beli bakso"
2022660489311064330,Sat Feb 14 20:13:34 +0700 2026,111260486,ddeokjwini,Rie,@sexieest,-,∞ New World,in,0,0,0,0,5973,0,-,https://x.com/ddeokjwini/status/2022660489311064330,retweeted,2022222360775164109,sexieest,"RT @sexieest: warga indo tiap hari melawan penyakit sawit gila, kalau cuma ocehan knetz mah ibarat masuk telinga kanan keluar beli bakso"
2022660364991926767,Sat Feb 14 20:13:04 +0700 2026,1254948675459018753,bukansalahsatu,Mapledaun_,@sexieest,-,-,in,0,0,0,0,5973,0,-,https://x.com/bukansalahsatu/status/2022660364991926767,retweeted,2022222360775164109,sexieest,"RT @sexieest: warga indo tiap hari melawan penyakit sawit gila, kalau cuma ocehan knetz mah ibarat masuk telinga kanan keluar beli bakso"
2022659965450879157,Sat Feb 14 20:11:29 +0700 2026,1826842552370429952,noturcitylight,`,@sexieest,-,Jakarta,in,0,0,0,0,5973,0,-,https://x.com/noturcitylight/status/2022659965450879157,retweeted,2022222360775164109,sexieest,"RT @sexieest: warga indo tiap hari melawan penyakit sawit gila, kalau cuma ocehan knetz mah ibarat masuk telinga kanan keluar beli bakso"
2022658621004485099,Sat Feb 14 20:06:09 +0700 2026,1821046221483786240,marrskiddo,maliy0o,@sexieest,-,Switzerland,in,0,0,0,0,5973,0,-,https://x.com/marrskiddo/status/2022658621004485099,retweeted,2022222360775164109,sexieest,"RT @sexieest: warga indo tiap hari melawan penyakit sawit gila, kalau cuma ocehan knetz mah ibarat masuk telinga kanan keluar beli bakso"
2022660185484071077,Sat Feb 14 20:12:22 +0700 2026,1501397228040032261,ilyawnzznie,jjuniee,@sexieest,-,-,in,0,0,0,0,5973,0,-,https://x.com/ilyawnzznie/status/2022660185484071077,retweeted,2022222360775164109,sexieest,"RT @sexieest: warga indo tiap hari melawan penyakit sawit gila, kalau cuma ocehan knetz mah ibarat masuk telinga kanan keluar beli bakso"
2022661335247732801,Sat Feb 14 20:16:56 +0700 2026,1473988183381581830,bilunyy,bilu🍉,@sexieest,-,-,in,0,0,0,0,5973,0,-,https://x.com/bilunyy/status/2022661335247732801,retweeted,2022222360775164109,sexieest,"RT @sexieest: warga indo tiap hari melawan penyakit sawit gila, kalau cuma ocehan knetz mah ibarat masuk telinga kanan keluar beli bakso"
2022661725024325750,Sat Feb 14 20:18:29 +0700 2026,1150640067028770816,yaninyaaa,スリヤニ,@sexieest,-,-,in,0,0,0,0,5973,0,-,https://x.com/yaninyaaa/status/2022661725024325750,retweeted,2022222360775164109,sexieest,"RT @sexieest: warga indo tiap hari melawan penyakit sawit gila, kalau cuma ocehan knetz mah ibarat masuk telinga kanan keluar beli bakso"
2022661800416948556,Sat Feb 14 20:18:47 +0700 2026,1974735302104391680,FatechaNay46063,deynaa,@sexieest,-,-,in,0,0,0,0,5973,0,-,https://x.com/FatechaNay46063/status/2022661800416948556,retweeted,2022222360775164109,sexieest,"RT @sexieest: warga indo tiap hari melawan penyakit sawit gila, kalau cuma ocehan knetz mah ibarat masuk telinga kanan keluar beli bakso"
2022660147122958690,Sat Feb 14 20:12:12 +0700 2026,1468505626561384450,911yeyun,J,@sexieest,-,Bumi,in,0,0,0,0,5973,0,-,https://x.com/911yeyun/status/2022660147122958690,retweeted,2022222360775164109,sexieest,"RT @sexieest: warga indo tiap hari melawan penyakit sawit gila, kalau cuma ocehan knetz mah ibarat masuk telinga kanan keluar beli bakso"
2022661830704074912,Sat Feb 14 20:18:54 +0700 2026,83156393,dancinqgueen_,Bubu🍉,@sexieest,-,Indonesia,in,0,0,0,0,5973,0,-,https://x.com/dancinqgueen_/status/2022661830704074912,retweeted,2022222360775164109,sexieest,"RT @sexieest: warga indo tiap hari melawan penyakit sawit gila, kalau cuma ocehan knetz mah ibarat masuk telinga kanan keluar beli bakso"
2022661898286801265,Sat Feb 14 20:19:10 +0700 2026,2222230286,simplisooya,𝟖𝟏(0)𝟑☁︎🌸🌷𝐁𝐎𝐃🔜🫣,@sexieest,-,-,in,0,0,0,0,5973,0,-,https://x.com/simplisooya/status/2022661898286801265,retweeted,2022222360775164109,sexieest,"RT @sexieest: warga indo tiap hari melawan penyakit sawit gila, kalau cuma ocehan knetz mah ibarat masuk telinga kanan keluar beli bakso"
2022660015790919995,Sat Feb 14 20:11:41 +0700 2026,228577423,bsmprmbd,BSMPRMBD,@sexieest,-,-,in,0,0,0,0,5973,0,-,https://x.com/bsmprmbd/status/2022660015790919995,retweeted,2022222360775164109,sexieest,"RT @sexieest: warga indo tiap hari melawan penyakit sawit gila, kalau cuma ocehan knetz mah ibarat masuk telinga kanan keluar beli bakso"
2022660600351068609,Sat Feb 14 20:14:00 +0700 2026,1575993367624036352,caksoobin,Rent Sewa HP Samsung S24 Ultra,@sexieest,-,"Bekasi Timur, Indonesia",in,0,0,0,0,5973,0,-,https://x.com/caksoobin/status/2022660600351068609,retweeted,2022222360775164109,sexieest,"RT @sexieest: warga indo tiap hari melawan penyakit sawit gila, kalau cuma ocehan knetz mah ibarat masuk telinga kanan keluar beli bakso"
2022662497820606591,Sat Feb 14 20:21:33 +0700 2026,2362307180,mondermowen,ww,@sexieest,-,-,in,0,0,0,0,5973,0,-,https://x.com/mondermowen/status/2022662497820606591,retweeted,2022222360775164109,sexieest,"RT @sexieest: warga indo tiap hari melawan penyakit sawit gila, kalau cuma ocehan knetz mah ibarat masuk telinga kanan keluar beli bakso"
2022662973089808754,Sat Feb 14 20:23:26 +0700 2026,800188756439404548,riiposthings,riipost,@sexieest,-,-,in,0,0,0,0,5973,0,-,https://x.com/riiposthings/status/2022662973089808754,retweeted,2022222360775164109,sexieest,"RT @sexieest: warga indo tiap hari melawan penyakit sawit gila, kalau cuma ocehan knetz mah ibarat masuk telinga kanan keluar beli bakso"
2022662982598381925,Sat Feb 14 20:23:28 +0700 2026,1821756835067809792,cig4life,keping.,@sexieest,-,-,in,0,0,0,0,5973,0,-,https://x.com/cig4life/status/2022662982598381925,retweeted,2022222360775164109,sexieest,"RT @sexieest: warga indo tiap hari melawan penyakit sawit gila, kalau cuma ocehan knetz mah ibarat masuk telinga kanan keluar beli bakso"
2022661069760765968,Sat Feb 14 20:15:52 +0700 2026,1349228337827250176,Mitfa7,Meat Mayonnaise,@sexieest,-,"where r u, Vincent Mathias?",in,0,0,0,0,5973,0,-,https://x.com/Mitfa7/status/2022661069760765968,retweeted,2022222360775164109,sexieest,"RT @sexieest: warga indo tiap hari melawan penyakit sawit gila, kalau cuma ocehan knetz mah ibarat masuk telinga kanan keluar beli bakso"
2022666595710177728,Sat Feb 14 20:37:50 +0700 2026,1306966586977214464,dirgawangy,a n g k y,@sexieest,-,-,in,0,0,0,0,5973,0,-,https://x.com/dirgawangy/status/2022666595710177728,retweeted,2022222360775164109,sexieest,"RT @sexieest: warga indo tiap hari melawan penyakit sawit gila, kalau cuma ocehan knetz mah ibarat masuk telinga kanan keluar beli bakso"
2022482403139420518,Sat Feb 14 08:25:55 +0700 2026,1313284037343997952,starhopeRs1_,Star Hope 🎗️(Harap Akan Tuhan),@mandikecil,-,Malang,in,0,0,0,0,11740,0,-,https://x.com/starhopeRs1_/status/2022482403139420518,retweeted,2019380745090003074,mandikecil,"RT @mandikecil: Pemerintah kontol, MBG kontol, sawit kontol, hilirisasi nikel kontol, zionis kontol, dewasa kontol, cinta-cintaan kontol, mobile legends kontol"
2022667628402336009,Sat Feb 14 20:41:56 +0700 2026,1689928321436655616,reihanaalexsa,i'mjustalittlepuppy,@sexieest,-,-,in,0,0,0,0,5973,0,-,https://x.com/reihanaalexsa/status/2022667628402336009,retweeted,2022222360775164109,sexieest,"RT @sexieest: warga indo tiap hari melawan penyakit sawit gila, kalau cuma ocehan knetz mah ibarat masuk telinga kanan keluar beli bakso"
2022373788458144001,Sat Feb 14 01:14:19 +0700 2026,1104024066703290368,rafdhino369,Riff,@BuruhSiluman,-,-,in,0,0,0,0,17696,0,https://pbs.twimg.com/media/G77ZU0jbMAA-MQh.jpg,https://x.com/rafdhino369/status/2022373788458144001,retweeted,1999274407630614802,BuruhSiluman,"RT @BuruhSiluman: Kompas hari ini. FYI, perkebunan sawit itu yg berwarna kuning. https://t.co/nNb97ltBi9"
2022689086721728710,Sat Feb 14 22:07:12 +0700 2026,1151136996791685121,Vante_Mrs,Vinn,@aiukimaru,-,-,in,0,0,0,0,1599,0,-,https://x.com/Vante_Mrs/status/2022689086721728710,retweeted,2011748701795205378,aiukimaru,"RT @aiukimaru: ""Nanti ada lima layar. Member dibawa dari atas, jadi di lagu ON kita bisa praktek koreo memutar. Begitu lagu selesai, drum diangkut keluar.""  ""Berarti di IDOL, penarinya muncul dari tiga arah?""  ""Nah, cocok. Terus sebelah sana masih ada ruang kosong, kan? Kita bisa tanami sawit."" https://t.co/dQUqRwxwN0"
2022658366909427966,Sat Feb 14 20:05:08 +0700 2026,170197732,kibtyarenna,كابتي,@sexieest,-,"Depok, Jawa Barat",in,0,0,0,0,5973,0,-,https://x.com/kibtyarenna/status/2022658366909427966,retweeted,2022222360775164109,sexieest,"RT @sexieest: warga indo tiap hari melawan penyakit sawit gila, kalau cuma ocehan knetz mah ibarat masuk telinga kanan keluar beli bakso"
2022682285305401534,Sat Feb 14 21:40:11 +0700 2026,1535267926449631232,kkurassu_,ikanpepes☆!,@mandikecil,-,Bangsal 127,in,0,0,0,0,11739,0,-,https://x.com/kkurassu_/status/2022682285305401534,retweeted,2019380745090003074,mandikecil,"RT @mandikecil: Pemerintah kontol, MBG kontol, sawit kontol, hilirisasi nikel kontol, zionis kontol, dewasa kontol, cinta-cintaan kontol, mobile legends kontol"
2022667616796705132,Sat Feb 14 20:41:53 +0700 2026,1766317008042491904,na2shhh,୨ৎ𝐧𝐚𝐧𝐚𝐬𝐡𝐢𝐞🍓🐣🧸✿,@sexieest,-,-,in,0,0,0,0,5973,0,-,https://x.com/na2shhh/status/2022667616796705132,retweeted,2022222360775164109,sexieest,"RT @sexieest: warga indo tiap hari melawan penyakit sawit gila, kalau cuma ocehan knetz mah ibarat masuk telinga kanan keluar beli bakso"
2022595408036536800,Sat Feb 14 15:54:57 +0700 2026,1777465650858074112,boopadoop_a,j 🪼,@sisilainpetrik,-,-,in,0,0,0,0,9041,0,-,https://x.com/boopadoop_a/status/2022595408036536800,retweeted,2015399215883809160,sisilainpetrik,RT @sisilainpetrik: 2023: Lengah dikit jadi Mixue 2024: Lengah dikit jadi Tomoro 2025: Lengah dikit jadi Sawit 2026: Lengah dikit jadi dapur MBG
2022632731474108646,Sat Feb 14 18:23:16 +0700 2026,1940663907192127488,dzector_,Dzector,-,-,-,in,61,250160,6284,206,802,257,https://pbs.twimg.com/media/HBHVwCGakAYSWPl.jpg,https://x.com/dzector_/status/2022632731474108646,-,-,-,"🇺🇸 USA has Apple. 🇨🇳 China has Huawei.  🇰🇷 South Korea has Samsung.  🇯🇵 Japan has Sony.  what does YOUR country have?  # 🇮🇩 Indonesia has Esia Hidayah, remind You to pray 5 Times A day  # Punya kebon sawit, luasnya sama kayak negara lu. Ape lu ape lu ..  🇨🇭 Switzerland - we have your money.   🇮🇩Indonesia has Tolak Angin, the smart people who work at Apple, Huawei, Samsung, and Sony drink Tolak Angin  Our country even has warteg that adopted touchscreen technology earlier than many larger or more modern businesses."
2022596256011587873,Sat Feb 14 15:58:20 +0700 2026,1267940786991099905,bangherwin,herwin,-,-,"Bali, Indonesia",in,20,51132,6635,45,3010,136,https://pbs.twimg.com/amplify_video_thumb/2022595421818990594/img/kOMzwLHVaqVDJYMM.jpg,https://x.com/bangherwin/status/2022596256011587873,-,-,-,"Anti Sawit Sawit Club • Suku Awyu di Papua menolak kebun sawit karena tanah itu tanah ulayat adat mereka. Bukan lahan kosong di Google Maps.  Bukan angka di neraca investor. Itu hutan, sumber hidup, identitas, dan warisan.  Kalau tanah adat berubah jadi kebun sawit, yang kaya siapa? Yang kehilangan siapa?"
2022668656912797922,Sat Feb 14 20:46:01 +0700 2026,1823966161127796736,minchucul,asha,@sexieest,-,-,in,0,0,0,0,5973,0,-,https://x.com/minchucul/status/2022668656912797922,retweeted,2022222360775164109,sexieest,"RT @sexieest: warga indo tiap hari melawan penyakit sawit gila, kalau cuma ocehan knetz mah ibarat masuk telinga kanan keluar beli bakso"
2022667876495454224,Sat Feb 14 20:42:55 +0700 2026,1751900367187804160,itslovew,itslovew,@sexieest,-,-,in,0,0,0,0,5973,0,-,https://x.com/itslovew/status/2022667876495454224,retweeted,2022222360775164109,sexieest,"RT @sexieest: warga indo tiap hari melawan penyakit sawit gila, kalau cuma ocehan knetz mah ibarat masuk telinga kanan keluar beli bakso"
2022668121329537116,Sat Feb 14 20:43:54 +0700 2026,1034641919958179840,lemorknade,딘.,@sexieest,-,-,in,0,0,0,0,5973,0,-,https://x.com/lemorknade/status/2022668121329537116,retweeted,2022222360775164109,sexieest,"RT @sexieest: warga indo tiap hari melawan penyakit sawit gila, kalau cuma ocehan knetz mah ibarat masuk telinga kanan keluar beli bakso"
2022668368285962586,Sat Feb 14 20:44:53 +0700 2026,772750082806390784,xoxojs_,Yuzi Ona,@sexieest,-,-,in,0,0,0,0,5973,0,-,https://x.com/xoxojs_/status/2022668368285962586,retweeted,2022222360775164109,sexieest,"RT @sexieest: warga indo tiap hari melawan penyakit sawit gila, kalau cuma ocehan knetz mah ibarat masuk telinga kanan keluar beli bakso"
2022668897040896008,Sat Feb 14 20:46:59 +0700 2026,1448616803140194306,introkamvret,gibran rakaGOONING,@sexieest,-,-,in,0,0,0,0,5973,0,-,https://x.com/introkamvret/status/2022668897040896008,retweeted,2022222360775164109,sexieest,"RT @sexieest: warga indo tiap hari melawan penyakit sawit gila, kalau cuma ocehan knetz mah ibarat masuk telinga kanan keluar beli bakso"
2022669502224515140,Sat Feb 14 20:49:23 +0700 2026,1617515303940018176,Mifta170,Mifta1737,@sexieest,-,-,in,0,0,0,0,5973,0,-,https://x.com/Mifta170/status/2022669502224515140,retweeted,2022222360775164109,sexieest,"RT @sexieest: warga indo tiap hari melawan penyakit sawit gila, kalau cuma ocehan knetz mah ibarat masuk telinga kanan keluar beli bakso"
2022669988012937314,Sat Feb 14 20:51:19 +0700 2026,1496325979090071552,Dandelyyyn,Lynn,@sexieest,-,-,in,0,0,0,0,5973,0,-,https://x.com/Dandelyyyn/status/2022669988012937314,retweeted,2022222360775164109,sexieest,"RT @sexieest: warga indo tiap hari melawan penyakit sawit gila, kalau cuma ocehan knetz mah ibarat masuk telinga kanan keluar beli bakso"
2022658356054491448,Sat Feb 14 20:05:05 +0700 2026,1529845721469710336,cashetalks,fai,@sexieest,-,-,in,0,0,0,0,5973,0,-,https://x.com/cashetalks/status/2022658356054491448,retweeted,2022222360775164109,sexieest,"RT @sexieest: warga indo tiap hari melawan penyakit sawit gila, kalau cuma ocehan knetz mah ibarat masuk telinga kanan keluar beli bakso"
2022884461390790956,Sun Feb 15 11:03:33 +0700 2026,1761234373243027456,kimcatoo,Kim,@tanyakanrl,-,-,in,0,0,0,0,7348,0,-,https://x.com/kimcatoo/status/2022884461390790956,retweeted,1965721959796257173,tanyakanrl,"RT @tanyakanrl: 💚 guys minta tolong buat viralin, pagi ini anak gajah tari meninggal, besar kemungkinan diracun, tahun lalu pun ada gajah kapten yg diracun serta dicuri belalainya, dan ini ulah mafia tanah dan pendatang yg make kawasan hutan sebagai ladang sawit dan pemukiman https://t.co/mYXzbQ6hNi"
2023076924013289751,Sun Feb 15 23:48:20 +0700 2026,3145692192,SAfiff,Suraya Afiff,@yaniarsim,-,-,in,0,0,0,0,6495,0,-,https://x.com/SAfiff/status/2023076924013289751,retweeted,2018227650054193603,yaniarsim,RT @yaniarsim: Nangkep koruptor Pidato Ngasih bantuan Pidato Nolak bantuan Pidato Tanam sawit Pidato Dikritik....Pidato Marah...Pidato Ujung2nya......Hai antek2 asing Padahal dia sendiri antek asing. Dialah Prabowo Sawitanto  Giliran nambah utang 832 T diem2 bae https://t.co/xrNm7YtJlN
2022895206845346070,Sun Feb 15 11:46:15 +0700 2026,1174747136,crystanousta,ꪔ̤̮✩𓍼𓈒 𓂂 𓏸🍉,@BuruhSiluman,-,-,in,0,0,0,0,17694,0,https://pbs.twimg.com/media/G77ZU0jbMAA-MQh.jpg,https://x.com/crystanousta/status/2022895206845346070,retweeted,1999274407630614802,BuruhSiluman,"RT @BuruhSiluman: Kompas hari ini. FYI, perkebunan sawit itu yg berwarna kuning. https://t.co/nNb97ltBi9"
2022871692805296202,Sun Feb 15 10:12:49 +0700 2026,289976069,mynewshub,MYNEWSHUB,-,-,Malaysia,in,55,273161,4123,58,2720,284,https://pbs.twimg.com/media/HBKvEw-aoAAIlrK.jpg,https://x.com/mynewshub/status/2022871692805296202,-,-,-,"Dear arun dorasamy . Dear waytha moorthy. Dear Rsn Jelutong and fellow hindu friends.  Ingat lagi kes Masjid Alor Pongsu pada 6 Mei 2025? Kalau ada yang terlupa, mai nak ingatkan semula.   Masjid Alor Pongsu dibesarkan. Pembinaan masjid masuk tanah sebelah, ladang kelapa sawit tu. Sikit je masuk.   Tapi tuan tanah berbangsa Cina komplen.  Selepas diukur, benar dakwaan tuan tanah. Ada sedikit binaan Masjid Alor Pongsu masuk ke tanah sebelah. Sikit sangat je pun. Rujuk gambar.   Apa tindakan pihak masjid dan Jabatan Agama?  Play victim? Tak mengaku masuk tanah sebelah?  Berkeras tak nak robohkan? Minta berunding? Minta tanah ganti? Minta pampasan?  TIDAK. KITA AKUI KESALAHAN ITU.  Apa yang berlaku, pihak masjid bincang dengan tuan tanah untuk beli tanah tersebut. Tuan tanah sudi jual, tapi bukan bahagian yang masjid tersilap masuk saja, tetapi keseluruhan tanah dia.  Harga dipinta, RM1.8 juta.  Semua orang Islam masa tu share kes ini sampai mendapat perhatian Sultan Perak. Sultan Perak bertitah, kutipan Jumaat minggu itu di masjid-masjid seluruh Perak harus diberi sebahagian kepada Masjid Alor Pongsu untuk beli tanah sebelah.  Malangnya titah Sultan Perak tidak sempat dilaksanakan. Kenapa?  Kerana umat Islam seluruh negara terus infaq serta merta tanpa tunggu hari Jumaat menjelma.  Kurang 36 jam, kutipan lebih RM2 juta diperoleh. Pihak masjid terus bayar tanah sebelah dan kini menjadi hak milik masjid termasuk sawit atas tanah tu.  Begitulah kisahnya.   Kredit to FB Mohd Fadhli salleh"
2023071575717908518,Sun Feb 15 23:27:05 +0700 2026,1761748916692029440,semangatdiriku,semangatX,@Eng_china5,-,-,in,0,94887,1939,25,21,20,https://pbs.twimg.com/tweet_video_thumb/HBNk3XXa0AElXu8.jpg,https://x.com/semangatdiriku/status/2023071575717908518,replied,2023059782744068592,Eng_china5,@Eng_china5 Pria solo dan pria sawit https://t.co/ofaH1KuEjH
2022725145438359939,Sun Feb 15 00:30:29 +0700 2026,1971604592942342145,avandelove,Haru Nana,@kompascom,#SaveTessoNilo,-,in,0,0,0,0,1248,0,-,https://x.com/avandelove/status/2022725145438359939,retweeted,1994773948979188068,kompascom,"RT @kompascom: Desakan publik lewat #SaveTessoNilo menyoroti habitat Gajah Sumatera yang kian tertekan akibat alih fungsi lahan dan aktivitas ilegal.   Di kawasan yang seharusnya menjadi rumah mereka, banyak area telah berubah menjadi kebun sawit sehingga ruang hidup gajah makin menyempit.  Pemerintah menyampaikan bahwa restorasi Taman Nasional Tesso Nilo terus berjalan dan Satgas Penertiban Kawasan Hutan (PKH) dibentuk untuk memulihkan kawasan tersebut sebagai habitat gajah.  Baca di: https://t.co/7qP8UC79ln  < #TessoNilo #Gajah ##infografik"
2022964083230933229,Sun Feb 15 16:19:56 +0700 2026,1553692563261071362,RenLevy2,Ren Levy,@mandikecil,-,-,in,0,0,0,0,11739,0,-,https://x.com/RenLevy2/status/2022964083230933229,retweeted,2019380745090003074,mandikecil,"RT @mandikecil: Pemerintah kontol, MBG kontol, sawit kontol, hilirisasi nikel kontol, zionis kontol, dewasa kontol, cinta-cintaan kontol, mobile legends kontol"
2022864154391122353,Sun Feb 15 09:42:52 +0700 2026,1993332705153691648,adekseonghyeonn,yie preman,-,-,-,in,235,122292,15185,98,4382,1206,https://pbs.twimg.com/media/HBKoN4GbUAAov_H.jpg,https://x.com/adekseonghyeonn/status/2022864154391122353,-,-,-,"cintaku kepadamu bagaikan kisah prabowo dengan sawit. menyebar luas dimana-mana, hingga ke pelosok negeri. dimana ada lahan kosong, itu pasti ada sawit. oh, sayangku sawit yang kucinta. https://t.co/Pm8hA9KQ5P"
2023345923041169678,Mon Feb 16 17:37:14 +0700 2026,1725066648707813376,ohlalababy0606,"RIP, my cat",@tempodotco,#TempoThread,in the middle of nowhere,in,0,0,0,0,38952,0,-,https://x.com/ohlalababy0606/status/2023345923041169678,retweeted,1877347362806411419,tempodotco,"RT @tempodotco: #TempoThread   Presiden Prabowo berencana memperluas lahan sawit dan mengorbankan pohon hutan.   Katanya, sawit juga pohon yang dapat menyerap karbondioksida🌳  Tapi, emang pohon sawit dan pohon hutan itu beneran sama, ya?🤷‍♀️  A Thread https://t.co/fpdzLynOZD"
2023178034933834112,Mon Feb 16 06:30:07 +0700 2026,760152803020906496,MalinParmato7,"Rizky Ferian, S.P., Malin Parmato",@NarasiNewsroom,-,Kota Payakumbuh,in,0,0,0,0,10241,0,-,https://x.com/MalinParmato7/status/2023178034933834112,retweeted,1832292065457344906,NarasiNewsroom,"RT @NarasiNewsroom: Sebuah video mengharukan yang memperlihatkan pertemuan seorang ibu dengan buah hatinya di balik jeruji tahanan, viral di media sosial.  Ibu tersebut, Tina Rambe, terlihat memeluk erat anak balitanya. Ia ditangkap karena menolak pengoperasian pabrik kelapa sawit di Kabupaten Labuhanbatu, Sumatera Utara, pada Senin (20/5/2024) lalu.  Kala itu, ratusan warga Kelurahan Pulopadang, Kecamatan Rantau Utara, Kabupaten Labuhanbatu, melakukan aksi menolak pengoperasian Pabrik Kelapa Sawit (PKS) PT PPSP karena lokasinya berdekatan dengan pemukiman mereka. Warga khawatir pabrik itu menyebabkan pencemaran lingkungan dan kebisingan dari mesin-mesin yang dioperasikan.  Dalam video yang viral itu, terlihat Sang Ibu (Tina Rambe) menahan tangis sambil mencium dan memeluk buah hatinya, sambil tetap berusaha menenangkannya. ""Jangan sedih,"" ucapnya seraya menghapus air mata di pipi sang anak.  | Narasi Daily"
2023379709158138175,Mon Feb 16 19:51:29 +0700 2026,1188487693316943872,Hipocrishitt,♿,-,-,soc,in,18,88079,7404,49,1122,112,https://pbs.twimg.com/media/HBR9HyWa4AAJTuD.jpg,https://x.com/Hipocrishitt/status/2023379709158138175,quoted,2023363114125926859,coffebit,2. Makan sawit https://t.co/bKvFaiFLF5
2023234495751868623,Mon Feb 16 10:14:28 +0700 2026,1050561142165131264,Kookphorriaa,kookphoria⁷💜,@tanyakanrl,-,"Bali, Indonesia",in,0,0,0,0,7348,0,-,https://x.com/Kookphorriaa/status/2023234495751868623,retweeted,1965721959796257173,tanyakanrl,"RT @tanyakanrl: 💚 guys minta tolong buat viralin, pagi ini anak gajah tari meninggal, besar kemungkinan diracun, tahun lalu pun ada gajah kapten yg diracun serta dicuri belalainya, dan ini ulah mafia tanah dan pendatang yg make kawasan hutan sebagai ladang sawit dan pemukiman https://t.co/mYXzbQ6hNi"
2023338263029952957,Mon Feb 16 17:06:48 +0700 2026,1915314237058293760,QueenImaIsBack,Salima; Majene-Gane-Kaur 🌶️,-,-,-,in,97,244494,15838,66,5866,279,-,https://x.com/QueenImaIsBack/status/2023338263029952957,quoted,2023324560846975131,0tk0il,Jangan pernah maafkan mafia sawit minyak goreng yg berhasil membuat pemerintah diem aja mengatur minyak sawit goreng mereka dr tadinya CUMA 24-28 RIBU SAJA PER DUA LITER skrg EMPAT PULUH RIBU SEJAK 2023
2023293616089952394,Mon Feb 16 14:09:23 +0700 2026,1740764198475575296,salunanulas,saluna,@tanyakanrl,-,-,in,0,0,0,0,7348,0,-,https://x.com/salunanulas/status/2023293616089952394,retweeted,1965721959796257173,tanyakanrl,"RT @tanyakanrl: 💚 guys minta tolong buat viralin, pagi ini anak gajah tari meninggal, besar kemungkinan diracun, tahun lalu pun ada gajah kapten yg diracun serta dicuri belalainya, dan ini ulah mafia tanah dan pendatang yg make kawasan hutan sebagai ladang sawit dan pemukiman https://t.co/mYXzbQ6hNi"
2023295751594573855,Mon Feb 16 14:17:52 +0700 2026,1322439896657666048,RICHGIRLISA,CŁÆ,-,-,-,in,7,54666,5915,25,998,31,https://pbs.twimg.com/media/HBQwwyvagAA6crW.jpg,https://x.com/RICHGIRLISA/status/2023295751594573855,quoted,2023237099911102707,insidefolkative,"But wait... Keindahan Alam yg mana ya? kan udah pada digeruk semua, coba ganti deh jadi keindahan perkebunan sawit. https://t.co/H9QJmd8voe"
2023665235421524059,Tue Feb 17 14:46:04 +0700 2026,812264314186797056,Daniellanisa,Daniella,-,#knetz;#Knetz;#SEAblings;#SEAblingsAgainstRacism,Bali,in,48,233863,7607,60,1009,369,-,https://x.com/Daniellanisa/status/2023665235421524059,-,-,-,"Cuitan dan keasbunan #knetz vs seablings “semiskin miskinnya indo, kita masih punya tanah buat kuburin myt, gadimasukin ke toples”🙏🏻  ""dimasukin toples itu myt apa rengginang?""  “kalian tinggal di hutan ya?” “kita juga maunya gitu tp sekarang udah jadi sawit😭”  knetz: (post foto kulit indo yg katanya gelap)  indo: “kita juga punya manusia silver🤣”  knetz: UMR kalian tuh kecil cuma 25jt  indo: salah itu kurang komanya harusnya 2,5jt aja😭  knetz: pemerintahan kalian noh jelek!  indo: makasih udah speakup🙏🏻  Keasbunan apa lagi yang menurut kalian paling gong? 🤣  #Knetz #SEAblings #SEAblingsAgainstRacism"
2023746390875419110,Tue Feb 17 20:08:33 +0700 2026,1912306655766933507,jhonsitorus_19,Jhon Sitorus,-,-,-,in,7,119435,5518,52,2337,151,-,https://x.com/jhonsitorus_19/status/2023746390875419110,quoted,2023553693925384627,Dahnilanzar,"Logikanya ya, kalo denda sawit ilegal itu benar ada Rp 300 Triliun, maka seharusnya anggaran pendidikan yang 769 Triliun tidak diganggu oleh proyek MBG.  Jadi, denda sawit ilegal itu kalian kemanakan? Masuk kantong siapa?  Makasih lho anda sudah membuka sendiri 😅"
2023786074343162110,Tue Feb 17 22:46:14 +0700 2026,235257801,vbxyz,vbxyz,@yaniarsim,-,JKT. BDO. DIY. Indonesia ,in,0,0,0,0,6497,0,-,https://x.com/vbxyz/status/2023786074343162110,retweeted,2018227650054193603,yaniarsim,RT @yaniarsim: Nangkep koruptor Pidato Ngasih bantuan Pidato Nolak bantuan Pidato Tanam sawit Pidato Dikritik....Pidato Marah...Pidato Ujung2nya......Hai antek2 asing Padahal dia sendiri antek asing. Dialah Prabowo Sawitanto  Giliran nambah utang 832 T diem2 bae https://t.co/xrNm7YtJlN
2023789875749941665,Tue Feb 17 23:01:21 +0700 2026,1980053392740511744,Yuyoprim,Yuu Yoo,@aiukimaru,-,-,in,0,0,0,0,1599,0,-,https://x.com/Yuyoprim/status/2023789875749941665,retweeted,2011748701795205378,aiukimaru,"RT @aiukimaru: ""Nanti ada lima layar. Member dibawa dari atas, jadi di lagu ON kita bisa praktek koreo memutar. Begitu lagu selesai, drum diangkut keluar.""  ""Berarti di IDOL, penarinya muncul dari tiga arah?""  ""Nah, cocok. Terus sebelah sana masih ada ruang kosong, kan? Kita bisa tanami sawit."" https://t.co/dQUqRwxwN0"
2023640325005443078,Tue Feb 17 13:07:05 +0700 2026,181191888,ACHMADSUHAWI,ACHMAD SUHAWI,@yaniarsim,-,indonesia raya,in,0,0,0,0,6495,0,-,https://x.com/ACHMADSUHAWI/status/2023640325005443078,retweeted,2018227650054193603,yaniarsim,RT @yaniarsim: Nangkep koruptor Pidato Ngasih bantuan Pidato Nolak bantuan Pidato Tanam sawit Pidato Dikritik....Pidato Marah...Pidato Ujung2nya......Hai antek2 asing Padahal dia sendiri antek asing. Dialah Prabowo Sawitanto  Giliran nambah utang 832 T diem2 bae https://t.co/xrNm7YtJlN
2023626908613722254,Tue Feb 17 12:13:46 +0700 2026,1752927457135710208,Jeffereus,ؘ,-,-,"I, Jeff A. Northen.",in,116,78825,7970,58,1920,438,https://pbs.twimg.com/media/HBVd8cpbcAIo-FB.jpg,https://x.com/Jeffereus/status/2023626908613722254,-,-,-,"Mencintai dirimu bagai prabowo mencintai sawitnya, ribuan lahan kosong akan ku jadikan sawit untukmu my iting. Aku bisa berantem sama mark kalau berani, tapi mark pakin bukan marklee. Aduh cantiknya terimalah cintaku. https://t.co/qhHWLjX3K9"
2023570871118688620,Tue Feb 17 08:31:06 +0700 2026,1260936807371296774,tracebacks,syupesya 📚📖📚,@mandikecil,-,-,in,0,0,0,0,11738,0,-,https://x.com/tracebacks/status/2023570871118688620,retweeted,2019380745090003074,mandikecil,"RT @mandikecil: Pemerintah kontol, MBG kontol, sawit kontol, hilirisasi nikel kontol, zionis kontol, dewasa kontol, cinta-cintaan kontol, mobile legends kontol"
2023618387558240351,Tue Feb 17 11:39:55 +0700 2026,1215279392017932288,Seobboo,🌴 V I E L ˖ 𖧧 RUDE ★,@yappingfess,-,-,in,1,15835,1231,5,32,8,https://pbs.twimg.com/media/HBVWMyBbcAIoMP_.jpg,https://x.com/Seobboo/status/2023618387558240351,replied,2023609468919918942,yappingfess,@yappingfess Jenis kelamin sawit https://t.co/VZzZb4Y9qD
2023862814411296919,Wed Feb 18 03:51:11 +0700 2026,2009233885650145281,86Jamaica52578,Jamaica 86,@indepenSumatera,-,-,in,0,0,0,0,7136,0,-,https://x.com/86Jamaica52578/status/2023862814411296919,retweeted,2013629094752329933,indepenSumatera,RT @indepenSumatera: Ini sih bener bener gila menurut gua 😡😡😡 Papua yang begitu indah sekarang sudah berubah jadi sawit💔🥀 https://t.co/rK2MV8UdvE
2023981831121760293,Wed Feb 18 11:44:06 +0700 2026,1619033226919682048,txtanomali,txtanomali,-,-,Brainrot,in,74,744339,24009,108,2670,983,-,https://x.com/txtanomali/status/2023981831121760293,-,-,-,"Komenan knetz vs SEAblings: “semiskin miskinnya indo, kita masih punya tanah buat kuburin myt, gadimasukin ke toples”🙏🏻  “kalian tinggal di hutan ya?” “kita juga maunya gitu tp sekarang udah jadi sawit😭”  knetz: (post foto kulit indo yg katanya gelap) indo: “kita juga punya manusia silver🤣”  “knetz: UMR kalian tuh kecil cuma 25jt indo: salah itu kurang komanya harusnya 2,5jt aja😭”  “knetz: pemerintahan kalian noh jelek! indo: makasih udah speakup🙏🏻”  gakuat, yg sara n jelek lainnya stop ya🙏🏻"
2024009922103701546,Wed Feb 18 13:35:44 +0700 2026,1356985516172926977,Skrursula,I don't know what to do anymore,@sisilainpetrik,-,-,in,0,0,0,0,9041,0,-,https://x.com/Skrursula/status/2024009922103701546,retweeted,2015399215883809160,sisilainpetrik,RT @sisilainpetrik: 2023: Lengah dikit jadi Mixue 2024: Lengah dikit jadi Tomoro 2025: Lengah dikit jadi Sawit 2026: Lengah dikit jadi dapur MBG
2023941455086289338,Wed Feb 18 09:03:40 +0700 2026,1931372491295100928,Zo_2419,Zo,@tempodotco,#TempoThread,-,in,0,0,0,0,38952,0,-,https://x.com/Zo_2419/status/2023941455086289338,retweeted,1877347362806411419,tempodotco,"RT @tempodotco: #TempoThread   Presiden Prabowo berencana memperluas lahan sawit dan mengorbankan pohon hutan.   Katanya, sawit juga pohon yang dapat menyerap karbondioksida🌳  Tapi, emang pohon sawit dan pohon hutan itu beneran sama, ya?🤷‍♀️  A Thread https://t.co/fpdzLynOZD"
2023828183066591655,Wed Feb 18 01:33:34 +0700 2026,1525880650829467648,intinyadeh,intinyadeh,-,#intinyadeh;#sawityowit,di ujung lidah tapi gak keluar,in,64,756699,14285,99,1365,440,-,https://x.com/intinyadeh/status/2023828183066591655,quoted,2023288306868592928,vindestwitt,"#intinyadeh memasuki bulan puasa, Vindes ngajakin main #sawityowit (sahur with your twitter)  Tapi krn mengandung kata ""sawit"" yg jd makin sensitif sejak bencana Sumatra + kata ""nyawit"" sekarang udh jd istilah baru + Desta dulu ikut kampanye Prabowo pas Pilpres, tweetnya jd rame."
2024515942177525811,Thu Feb 19 23:06:28 +0700 2026,345277774,AgnezLee,Agnez Lee,@baseconvo,-,-,in,0,3860,198,0,0,0,-,https://x.com/AgnezLee/status/2024515942177525811,replied,2024506795935326621,baseconvo,"@baseconvo Wahhh udh ditandain, bentar lg jd juragan sawit nder."
2024607434657161515,Fri Feb 20 05:10:02 +0700 2026,83070449,Damarholic,DAMAR PENGGARON,@sexieest,-,"Semarang, Indonesia",in,0,0,0,0,5975,0,-,https://x.com/Damarholic/status/2024607434657161515,retweeted,2022222360775164109,sexieest,"RT @sexieest: warga indo tiap hari melawan penyakit sawit gila, kalau cuma ocehan knetz mah ibarat masuk telinga kanan keluar beli bakso"
2024548065529778573,Fri Feb 20 01:14:07 +0700 2026,1304362528529555458,Dinooleaf,Leafff,@tanyakanrl,-,-,in,0,0,0,0,7352,0,-,https://x.com/Dinooleaf/status/2024548065529778573,retweeted,1965721959796257173,tanyakanrl,"RT @tanyakanrl: 💚 guys minta tolong buat viralin, pagi ini anak gajah tari meninggal, besar kemungkinan diracun, tahun lalu pun ada gajah kapten yg diracun serta dicuri belalainya, dan ini ulah mafia tanah dan pendatang yg make kawasan hutan sebagai ladang sawit dan pemukiman https://t.co/mYXzbQ6hNi"
2024836351334678894,Fri Feb 20 20:19:40 +0700 2026,872923164472262656,wisheartss,ecaa🕊️ | kinda ia,-,-,-,in,17,2601,289,23,72,5,https://pbs.twimg.com/ext_tw_video_thumb/2024836309412687872/pu/img/Ay023lRLzHq_aL7t.jpg,https://x.com/wisheartss/status/2024836351334678894,-,-,-,"makasih ide nya kak, semoga banyak yang cinta lagu rude seperti anu mencintai sawit🥰🙏🏻 https://t.co/3zmq5eFHw6"
